date,vt_avg_temp,vt_prcp,me_avg_temp,me_prcp,ct_avg_temp,ct_prcp,ma_avg_temp,ma_prcp,CT_conf_cases,ME_conf_cases,MA_conf_cases,VT_conf_cases
2020-01-22,-28,0,-72.0,0.0,-76.0,0.0,-53.0,0.0,0,0,0,0
2020-01-23,-27,0,-30.0,3.0,-46.0,0.0,0.0,0.0,0,0,0,0
2020-01-24,-8,0,-14.0,0.0,6.0,0.0,19.0,0.0,0,0,0,0
2020-01-25,3,119,-30.0,3.0,23.0,218.0,33.0,25.0,0,0,0,0
2020-01-26,22,23,11.0,132.0,49.0,0.0,64.0,193.0,0,0,0,0
2020-01-27,14,13,-3.0,10.0,38.0,0.0,39.0,0.0,0,0,0,0
2020-01-28,-11,3,-58.0,0.0,26.0,0.0,30.0,0.0,0,0,0,0
2020-01-29,-69,0,-105.0,0.0,13.0,0.0,14.0,0.0,0,0,1,0
2020-01-30,-85,0,-96.0,0.0,-32.0,0.0,-34.0,0.0,0,0,1,0
2020-01-31,-53,0,-55.0,0.0,-17.0,3.0,2.0,0.0,0,0,1,0
2020-02-01,-13,0,-19.0,0.0,13.0,0.0,16.0,5.0,0,0,1,0
2020-02-02,-16,0,-52.0,0.0,16.0,0.0,25.0,0.0,0,0,1,0
2020-02-03,14,0,-25.0,0.0,31.0,0.0,22.0,0.0,0,0,1,0
2020-02-04,-5,0,-35.0,0.0,26.0,0.0,30.0,0.0,0,0,1,0
2020-02-05,-33,0,-72.0,0.0,43.0,3.0,16.0,25.0,0,0,1,0
2020-02-06,-49,102,-85.0,53.0,1.0,91.0,11.0,114.0,0,0,2,0
2020-02-07,-55,226,-77.0,254.0,16.0,84.0,69.0,114.0,0,0,2,0
2020-02-08,-141,0,-144.0,3.0,-16.0,0.0,-14.0,0.0,0,0,2,0
2020-02-09,-124,0,-144.0,0.0,-36.0,0.0,-33.0,0.0,0,0,2,0
2020-02-10,-2,8,-44.0,30.0,26.0,69.0,36.0,33.0,0,0,2,0
2020-02-11,-11,13,-44.0,0.0,39.0,33.0,47.0,69.0,0,0,2,0
2020-02-12,11,0,-25.0,0.0,38.0,0.0,30.0,0.0,0,0,2,0
2020-02-13,-50,38,-80.0,18.0,25.0,165.0,22.0,163.0,0,0,2,0
2020-02-14,-166,0,-188.0,0.0,-17.0,0.0,-25.0,0.0,0,0,2,0
2020-02-15,-138,0,-160.0,0.0,-88.0,0.0,-70.0,0.0,0,0,2,0
2020-02-16,-8,0,-72.0,0.0,-7.0,0.0,0.0,0.0,0,0,2,0
2020-02-17,-55,3,-85.0,3.0,26.0,0.0,19.0,0.0,0,0,2,0
2020-02-18,-39,28,-110.0,109.0,-5.0,43.0,0.0,38.0,0,0,2,0
2020-02-19,-22,0,-85.0,3.0,31.0,0.0,39.0,15.0,0,0,2,0
2020-02-20,-116,0,-158.0,0.0,-24.0,0.0,-23.0,0.0,0,0,2,0
2020-02-21,-113,0,-118.0,0.0,-52.0,0.0,-53.0,0.0,0,0,2,0
2020-02-22,-8,0,-58.0,0.0,3.0,0.0,14.0,0.0,0,0,2,0
2020-02-23,0,0,11.0,0.0,29.0,0.0,50.0,0.0,0,0,2,0
2020-02-24,64,0,25.0,0.0,63.0,0.0,83.0,0.0,0,0,2,0
2020-02-25,25,10,41.0,0.0,78.0,46.0,89.0,0.0,0,0,2,0
2020-02-26,0,3,9.0,0.0,69.0,20.0,61.0,56.0,0,0,2,0
2020-02-27,9,140,-22.0,124.0,59.0,257.0,64.0,191.0,0,0,2,0
2020-02-28,-30,10,-66.0,3.0,3.0,0.0,11.0,0.0,0,0,2,0
2020-02-29,-69,5,-102.0,0.0,-18.0,0.0,-11.0,0.0,0,0,2,0
2020-03-01,-69,3,-99.0,3.0,-32.0,0.0,-31.0,0.0,0,0,3,0
2020-03-02,0,0,-83.0,46.0,31.0,0.0,25.0,0.0,0,0,3,0
2020-03-03,67,28,42.0,0.0,107.0,38.0,133.0,0.0,0,0,4,0
2020-03-04,53,0,0.0,66.0,89.0,0.0,83.0,25.0,0,0,6,0
2020-03-05,28,0,-11.0,0.0,62.0,0.0,61.0,0.0,0,0,14,0
2020-03-06,14,0,-41.0,8.0,32.0,0.0,30.0,0.0,0,0,28,0
2020-03-07,-33,0,-58.0,0.0,37.0,0.0,27.0,20.0,0,0,72,0
2020-03-08,20,0,-16.0,0.0,43.0,0.0,41.0,0.0,0,0,91,1
2020-03-09,116,0,33.0,0.0,127.0,0.0,136.0,0.0,0,0,96,1
2020-03-10,83,30,9.0,5.0,141.0,0.0,139.0,0.0,1,0,110,1
2020-03-11,-3,0,-11.0,0.0,94.0,0.0,97.0,0.0,3,0,132,1
2020-03-12,39,0,-36.0,0.0,55.0,18.0,36.0,0.0,5,1,161,2
2020-03-13,78,53,0.0,183.0,78.0,251.0,102.0,51.0,11,3,222,2
2020-03-14,47,0,-16.0,0.0,69.0,0.0,77.0,0.0,23,3,295,5
2020-03-15,-30,0,-71.0,0.0,57.0,0.0,36.0,0.0,24,2,363,5
2020-03-16,-19,0,-83.0,0.0,7.0,0.0,0.0,0.0,41,17,512,12
2020-03-17,39,0,-33.0,69.0,24.0,18.0,28.0,15.0,68,26,760,12
2020-03-18,39,0,-25.0,0.0,68.0,0.0,50.0,0.0,96,35,1019,13
2020-03-19,58,0,-8.0,8.0,54.0,221.0,55.0,142.0,159,52,1297,22
2020-03-20,108,36,44.0,13.0,88.0,15.0,116.0,8.0,194,56,1684,29
2020-03-21,-14,0,-36.0,0.0,86.0,0.0,80.0,0.0,194,70,2006,49
2020-03-22,-33,0,-85.0,0.0,6.0,0.0,0.0,0.0,327,89,2292,52
2020-03-23,-16,114,-52.0,58.0,3.0,290.0,2.0,99.0,415,107,2900,75
2020-03-24,8,0,-8.0,5.0,40.0,0.0,58.0,457.0,618,118,3618,95
2020-03-25,17,0,-5.0,0.0,29.0,0.0,50.0,0.0,875,142,4366,125
2020-03-26,66,10,14.0,0.0,57.0,0.0,55.0,0.0,1012,155,5301,158
2020-03-27,50,0,11.0,0.0,116.0,0.0,105.0,0.0,1291,168,6242,184
2020-03-28,45,0,20.0,0.0,64.0,86.0,55.0,0.0,1524,211,6899,211
2020-03-29,66,142,28.0,155.0,67.0,173.0,61.0,122.0,1993,253,7422,235
2020-03-30,53,91,-11.0,64.0,51.0,3.0,47.0,122.0,2571,275,8660,256
2020-03-31,45,3,-6.0,0.0,51.0,0.0,30.0,18.0,3128,303,9924,293
2020-04-01,28,0,3.0,18.0,50.0,0.0,19.0,0.0,3557,303,11263,321
2020-04-02,41,66,30.0,264.0,72.0,28.0,58.0,61.0,3824,376,12542,338
2020-04-03,72,48,44.0,66.0,74.0,23.0,58.0,343.0,4914,432,14028,389
2020-04-04,83,5,36.0,0.0,93.0,0.0,55.0,102.0,5276,456,15191,461
2020-04-05,83,3,64.0,5.0,108.0,0.0,75.0,0.0,5675,470,16172,512
2020-04-06,75,0,34.0,0.0,110.0,0.0,100.0,0.0,6906,499,18103,543
2020-04-07,75,0,3.0,0.0,124.0,0.0,102.0,0.0,7781,519,20127,575
2020-04-08,72,0,9.0,0.0,106.0,33.0,80.0,10.0,7781,537,21990,605
2020-04-09,66,99,6.0,229.0,80.0,119.0,66.0,185.0,9784,560,23977,628
2020-04-10,30,38,-8.0,53.0,62.0,0.0,64.0,18.0,10538,586,26037,679
2020-04-11,47,0,3.0,0.0,66.0,0.0,64.0,0.0,11510,616,27338,711
2020-04-12,77,0,34.0,0.0,76.0,0.0,69.0,0.0,12035,633,28271,727
2020-04-13,130,61,64.0,226.0,134.0,434.0,136.0,488.0,13381,698,30294,748
2020-04-14,66,0,53.0,0.0,114.0,0.0,111.0,5.0,13989,735,33173,752
2020-04-15,42,0,17.0,0.0,83.0,0.0,83.0,5.0,14755,770,35778,759
2020-04-16,28,3,-3.0,0.0,48.0,0.0,44.0,0.0,15884,796,38170,774
2020-04-17,33,0,-2.0,0.0,42.0,36.0,52.0,0.0,16809,827,41168,779
2020-04-18,48,0,3.0,0.0,30.0,109.0,39.0,191.0,17550,847,42657,803
2020-04-19,70,0,48.0,3.0,72.0,0.0,80.0,0.0,17962,867,43750,813
2020-04-20,36,5,11.0,0.0,93.0,0.0,78.0,0.0,19815,875,46442,816
2020-04-21,39,13,17.0,157.0,67.0,155.0,47.0,86.0,20360,888,48637,818
2020-04-22,6,0,-36.0,3.0,41.0,0.0,38.0,0.0,22469,907,51348,823
2020-04-23,45,0,-11.0,0.0,44.0,0.0,58.0,0.0,23100,937,53755,825
2020-04-24,61,0,31.0,0.0,59.0,51.0,66.0,102.0,23936,965,56039,827
2020-04-25,111,0,61.0,0.0,93.0,0.0,75.0,0.0,24583,965,57537,843
2020-04-26,89,81,64.0,0.0,88.0,81.0,77.0,64.0,25269,1015,58384,851
2020-04-27,61,36,36.0,8.0,49.0,15.0,44.0,284.0,25997,1023,60516,855
2020-04-28,89,0,66.0,0.0,83.0,5.0,55.0,43.0,26312,1040,62625,862
2020-04-29,100,0,75.0,0.0,94.0,0.0,58.0,0.0,26767,1056,64816,862
2020-04-30,100,10,58.0,3.0,86.0,279.0,94.0,0.0,27700,1095,66867,866
2020-05-01,139,25,67.0,119.0,139.0,185.0,133.0,236.0,28764,1123,68953,879
2020-05-02,108,0,77.0,0.0,148.0,3.0,144.0,13.0,29287,1153,69984,886
2020-05-03,175,5,114.0,5.0,184.0,0.0,178.0,0.0,29287,1185,70723,897
2020-05-04,102,5,66.0,36.0,168.0,0.0,177.0,0.0,29973,1205,72605,902
2020-05-05,72,0,44.0,0.0,98.0,0.0,103.0,0.0,30621,1226,74343,907
2020-05-06,77,0,58.0,0.0,83.0,5.0,72.0,0.0,30995,1254,76048,908
2020-05-07,91,8,78.0,0.0,107.0,0.0,102.0,28.0,31784,1330,77733,916
2020-05-08,64,25,39.0,15.0,104.0,56.0,108.0,23.0,32411,1374,79190,919
2020-05-09,25,18,-3.0,56.0,47.0,3.0,50.0,114.0,32984,1408,79882,921
2020-05-10,75,0,11.0,0.0,72.0,0.0,83.0,0.0,33554,1436,80277,927
2020-05-11,72,163,86.0,48.0,97.0,51.0,122.0,51.0,33765,1462,81588,926
2020-05-12,61,0,20.0,112.0,86.0,0.0,94.0,0.0,34333,1477,83041,927
2020-05-13,75,0,42.0,0.0,86.0,0.0,89.0,0.0,34855,1515,84358,929
2020-05-14,106,0,89.0,0.0,124.0,5.0,119.0,0.0,35464,1565,85674,932
2020-05-15,166,147,89.0,51.0,175.0,91.0,191.0,18.0,36085,1603,86782,933
2020-05-16,139,0,88.0,58.0,195.0,8.0,161.0,269.0,36703,1648,87433,934
2020-05-17,153,0,116.0,0.0,159.0,0.0,136.0,0.0,37419,1687,87805,940
2020-05-18,158,0,105.0,0.0,146.0,0.0,128.0,0.0,38116,1713,89125,940
2020-05-19,133,0,111.0,0.0,147.0,0.0,97.0,0.0,38430,1741,90202,944
2020-05-20,155,0,142.0,0.0,137.0,0.0,105.0,0.0,39017,1819,91231,944
2020-05-21,197,0,166.0,0.0,138.0,0.0,139.0,0.0,39208,1877,92209,950
2020-05-22,200,0,216.0,0.0,182.0,0.0,191.0,0.0,39640,1948,93092,952
2020-05-23,191,0,122.0,0.0,201.0,0.0,153.0,3.0,40022,2013,93492,954
2020-05-24,183,0,119.0,0.0,147.0,0.0,108.0,0.0,40468,2055,93808,956
2020-05-25,208,0,114.0,0.0,153.0,3.0,122.0,3.0,40873,2074,94023,962
2020-05-26,261,0,213.0,0.0,202.0,0.0,186.0,0.0,41303,2109,94907,967
2020-05-27,286,0,233.0,0.0,209.0,0.0,227.0,0.0,41288,2137,95617,971
2020-05-28,264,0,230.0,0.0,212.0,0.0,222.0,0.0,41559,2189,96268,974
2020-05-29,250,249,241.0,28.0,222.0,0.0,236.0,8.0,41762,2226,96805,975
2020-05-30,175,15,161.0,0.0,221.0,3.0,225.0,10.0,42022,2282,97090,977
2020-05-31,97,3,72.0,10.0,170.0,0.0,183.0,0.0,42201,2325,97260,981
2020-06-01,100,3,61.0,0.0,119.0,0.0,130.0,0.0,42740,2349,97774,983
2020-06-02,125,0,94.0,0.0,131.0,0.0,130.0,8.0,42979,2377,98228,988
2020-06-03,147,10,111.0,5.0,193.0,0.0,200.0,18.0,43091,2418,98697,990
2020-06-04,197,3,155.0,0.0,238.0,0.0,228.0,0.0,43239,2446,99079,1026
2020-06-05,241,0,205.0,0.0,232.0,5.0,230.0,25.0,43460,2482,99419,1027
2020-06-06,214,36,167.0,137.0,242.0,51.0,255.0,30.0,43818,2524,99571,1046
2020-06-07,167,0,122.0,5.0,191.0,0.0,169.0,28.0,43968,2570,99725,1063
2020-06-08,161,0,136.0,0.0,177.0,0.0,166.0,0.0,44092,2588,100090,1075
2020-06-09,175,13,153.0,0.0,219.0,0.0,186.0,0.0,44179,2606,100441,1084
2020-06-10,200,0,144.0,0.0,231.0,0.0,194.0,0.0,44347,2637,100707,1095
2020-06-11,222,28,133.0,33.0,218.0,51.0,214.0,71.0,44461,2667,100946,1110
2020-06-12,191,0,175.0,0.0,231.0,0.0,236.0,0.0,44689,2721,101209,1119
2020-06-13,108,3,94.0,0.0,182.0,0.0,197.0,0.0,44994,2757,101314,1125
2020-06-14,147,0,116.0,3.0,151.0,0.0,152.0,0.0,45088,2793,101398,1127
2020-06-15,164,0,147.0,0.0,182.0,0.0,163.0,0.0,45235,2810,101637,1128
2020-06-16,188,0,189.0,0.0,188.0,0.0,155.0,0.0,45349,2819,101847,1131
2020-06-17,219,0,211.0,0.0,201.0,0.0,169.0,0.0,45429,2836,102106,1130
2020-06-18,238,0,242.0,0.0,231.0,0.0,230.0,0.0,45440,2878,102367,1135
2020-06-19,272,0,250.0,0.0,244.0,0.0,255.0,0.0,45557,2913,102547,1144
2020-06-20,266,0,267.0,0.0,254.0,0.0,266.0,0.0,45715,2938,102644,1147
2020-06-21,272,0,225.0,0.0,261.0,0.0,264.0,43.0,45755,2957,102727,1159
2020-06-22,278,0,211.0,0.0,270.0,0.0,211.0,0.0,45782,2971,102957,1163
2020-06-23,289,0,239.0,0.0,255.0,0.0,250.0,0.0,45899,2996,103153,1164
2020-06-24,233,84,183.0,30.0,258.0,0.0,255.0,0.0,45913,3017,103368,1184
2020-06-25,216,0,183.0,0.0,231.0,0.0,236.0,0.0,45994,3070,103582,1191
2020-06-26,236,0,200.0,3.0,241.0,0.0,233.0,48.0,46059,3102,103790,1198
2020-06-27,233,3,200.0,0.0,206.0,102.0,216.0,8.0,46206,3154,103932,1200
2020-06-28,228,8,216.0,0.0,219.0,0.0,233.0,152.0,46303,3191,104005,1202
2020-06-29,200,74,183.0,61.0,217.0,0.0,202.0,124.0,46362,3219,104213,1208
2020-06-30,225,216,183.0,114.0,204.0,107.0,183.0,20.0,46514,3253,104440,1208
2020-07-01,228,51,211.0,0.0,208.0,3.0,202.0,5.0,46572,3294,104667,1210
2020-07-02,258,0,239.0,3.0,232.0,0.0,244.0,0.0,46646,3328,104901,1227
2020-07-03,247,13,186.0,0.0,250.0,28.0,219.0,0.0,46717,3373,105010,1236
2020-07-04,244,0,203.0,0.0,219.0,0.0,208.0,8.0,46717,3397,105077,1238
2020-07-05,236,0,186.0,94.0,252.0,0.0,233.0,0.0,46717,3415,105192,1249
2020-07-06,231,0,180.0,0.0,253.0,0.0,205.0,28.0,46976,3423,105442,1251
2020-07-07,239,3,194.0,0.0,209.0,0.0,211.0,0.0,47033,3440,105695,1254
2020-07-08,261,124,189.0,114.0,227.0,3.0,250.0,0.0,47108,3460,105926,1256
2020-07-09,272,0,230.0,0.0,266.0,0.0,275.0,0.0,47209,3486,106201,1272
2020-07-10,294,0,241.0,0.0,251.0,25.0,250.0,0.0,47287,3499,106447,1277
2020-07-11,275,61,222.0,132.0,259.0,18.0,275.0,8.0,47287,3520,106573,1283
2020-07-12,250,23,233.0,46.0,263.0,0.0,269.0,0.0,47287,3539,106675,1296
2020-07-13,233,0,214.0,56.0,265.0,0.0,253.0,51.0,47510,3558,106977,1301
2020-07-14,222,0,175.0,0.0,241.0,5.0,214.0,0.0,47530,3566,107214,1305
2020-07-15,230,0,178.0,0.0,219.0,0.0,194.0,5.0,47636,3578,107532,1318
2020-07-16,227,0,158.0,0.0,226.0,0.0,169.0,0.0,47750,3598,107778,1325
2020-07-17,233,43,128.0,41.0,196.0,30.0,183.0,46.0,47893,3636,108023,1334
2020-07-18,266,0,208.0,0.0,253.0,0.0,255.0,0.0,47893,3645,108158,1338
2020-07-19,280,18,230.0,0.0,280.0,0.0,281.0,0.0,47893,3687,108252,1350
2020-07-20,283,3,250.0,0.0,291.0,0.0,288.0,0.0,48055,3711,108545,1360
2020-07-21,230,0,194.0,0.0,273.0,0.0,263.0,0.0,48096,3723,108836,1366
2020-07-22,225,0,189.0,0.0,261.0,3.0,236.0,13.0,48223,3722,109126,1366
2020-07-23,241,99,214.0,147.0,261.0,135.0,272.0,84.0,48232,3737,109428,1377
2020-07-24,236,0,219.0,0.0,243.0,0.0,236.0,0.0,48776,3757,109710,1385
2020-07-25,242,0,222.0,0.0,251.0,0.0,244.0,0.0,48776,3790,109894,1396
2020-07-26,261,0,205.0,175.0,280.0,0.0,283.0,0.0,48776,3814,110037,1400
2020-07-27,283,173,239.0,69.0,287.0,0.0,302.0,0.0,48983,3832,110422,1402
2020-07-28,269,3,241.0,3.0,298.0,0.0,311.0,0.0,49077,3838,110778,1405
2020-07-29,241,10,228.0,20.0,257.0,0.0,272.0,0.0,49540,3866,111129,1406
2020-07-30,241,0,211.0,18.0,269.0,0.0,278.0,0.0,49670,3888,111483,1407
2020-07-31,227,0,208.0,0.0,255.0,0.0,244.0,0.0,49810,3912,111836,1414
2020-08-01,239,0,211.0,0.0,253.0,0.0,239.0,0.0,49810,3937,111988,1421
2020-08-02,253,333,228.0,0.0,256.0,25.0,267.0,0.0,49810,3958,112109,1426
2020-08-03,233,0,225.0,8.0,277.0,13.0,303.0,0.0,50062,3970,112490,1427
2020-08-04,200,635,200.0,178.0,242.0,38.0,267.0,25.0,50110,3977,112814,1431
2020-08-05,222,33,225.0,13.0,253.0,0.0,283.0,0.0,50225,3994,113161,1436
2020-08-06,200,0,180.0,0.0,223.0,0.0,272.0,0.0,50245,3999,113543,1445
2020-08-07,211,0,200.0,0.0,225.0,3.0,211.0,0.0,50320,4016,113868,1448
2020-08-08,233,0,211.0,0.0,248.0,0.0,225.0,0.0,50320,4028,114050,1454
2020-08-09,241,0,217.0,5.0,259.0,0.0,269.0,0.0,50320,4044,114152,1459
2020-08-10,261,41,225.0,0.0,274.0,0.0,283.0,0.0,50567,4051,114532,1462
2020-08-11,275,292,244.0,0.0,277.0,0.0,289.0,0.0,50684,4052,114839,1472
2020-08-12,252,0,238.0,3.0,275.0,48.0,294.0,0.0,50706,4070,115152,1478
2020-08-13,239,0,219.0,0.0,254.0,0.0,253.0,0.0,50782,4089,115521,1484
2020-08-14,228,0,208.0,0.0,243.0,0.0,214.0,0.0,50897,4116,115882,1501
2020-08-15,222,0,197.0,0.0,221.0,0.0,191.0,0.0,50897,4144,116058,1509
2020-08-16,227,0,189.0,0.0,197.0,5.0,200.0,18.0,50897,4168,116179,1515
2020-08-17,205,13,186.0,0.0,215.0,74.0,200.0,38.0,51267,4197,116561,1527
2020-08-18,208,61,164.0,114.0,226.0,0.0,241.0,76.0,51255,4213,116958,1530
2020-08-19,186,5,161.0,8.0,202.0,0.0,200.0,13.0,51314,4235,117301,1533
2020-08-20,178,0,158.0,0.0,199.0,0.0,200.0,0.0,51432,4253,117662,1537
2020-08-21,219,8,164.0,48.0,224.0,0.0,244.0,0.0,51519,4286,117962,1541
2020-08-22,219,0,180.0,0.0,249.0,0.0,239.0,36.0,51519,4318,118127,1553
2020-08-23,228,20,183.0,0.0,250.0,0.0,247.0,89.0,51519,4336,118237,1557
2020-08-24,247,46,194.0,196.0,252.0,46.0,252.0,28.0,52011,4357,118650,1566
2020-08-25,225,0,186.0,64.0,250.0,28.0,267.0,0.0,52040,4369,119054,1572
2020-08-26,161,0,128.0,0.0,202.0,0.0,202.0,0.0,52220,4389,119455,1577
2020-08-27,139,0,133.0,0.0,175.0,152.0,186.0,84.0,52350,4414,119832,1586
2020-08-28,203,0,153.0,0.0,205.0,0.0,214.0,0.0,52495,4436,120208,1589
2020-08-29,197,193,122.0,89.0,207.0,127.0,205.0,56.0,52495,4492,120411,1605
2020-08-30,186,0,119.0,0.0,218.0,0.0,214.0,0.0,52495,4514,120568,1616
2020-08-31,175,0,130.0,0.0,170.0,0.0,169.0,0.0,52879,4529,121018,1624
2020-09-01,191,0,155.0,0.0,194.0,0.0,186.0,0.0,53006,4549,121422,1635
2020-09-02,211,15,152.0,10.0,188.0,86.0,183.0,56.0,53108,4568,121826,1637
2020-09-03,211,0,186.0,0.0,238.0,124.0,231.0,8.0,53209,4618,121546,1637
2020-09-04,206,0,186.0,0.0,236.0,0.0,247.0,0.0,53365,4633,121758,1642
2020-09-05,183,0,150.0,0.0,188.0,0.0,200.0,0.0,53365,4633,122196,1647
2020-09-06,169,0,144.0,0.0,200.0,0.0,208.0,0.0,53365,4683,122562,1648
2020-09-07,194,0,144.0,10.0,217.0,0.0,222.0,0.0,53365,4701,122791,1651
2020-09-08,222,0,177.0,0.0,222.0,0.0,222.0,0.0,53782,4714,122962,1654
2020-09-09,205,0,191.0,0.0,222.0,0.0,236.0,0.0,53871,4713,123143,1656
2020-09-10,205,3,169.0,3.0,229.0,28.0,253.0,3.0,54093,4760,123546,1661
2020-09-11,130,0,114.0,0.0,212.0,0.0,219.0,51.0,54326,4792,123986,1668
2020-09-12,144,0,125.0,0.0,157.0,0.0,152.0,0.0,54326,4834,124540,1677
2020-09-13,188,38,130.0,18.0,168.0,0.0,161.0,0.0,54326,4863,124826,1684
2020-09-14,141,0,117.0,0.0,208.0,0.0,214.0,0.0,54895,4904,125080,1696
2020-09-15,108,0,100.0,0.0,130.0,0.0,141.0,0.0,55031,4918,125393,1702
2020-09-16,180,0,133.0,0.0,147.0,0.0,166.0,0.0,55166,4941,125699,1702
2020-09-17,147,0,108.0,0.0,178.0,0.0,205.0,0.0,55386,4962,126128,1705
2020-09-18,103,0,86.0,0.0,162.0,0.0,166.0,0.0,55527,5002,126582,1706
2020-09-19,77,0,72.0,0.0,111.0,0.0,125.0,0.0,55527,5034,127181,1710
2020-09-20,86,0,69.0,0.0,99.0,0.0,102.0,0.0,55527,5077,127540,1715
2020-09-21,94,0,86.0,0.0,92.0,0.0,102.0,0.0,56024,5106,127796,1719
2020-09-22,100,0,88.0,0.0,99.0,0.0,108.0,0.0,56160,5146,127969,1721
2020-09-23,152,0,158.0,0.0,159.0,0.0,192.0,0.0,56315,5170,128512,1722
2020-09-24,181,0,147.0,0.0,186.0,0.0,194.0,0.0,56472,5214,128993,1724
2020-09-25,164,0,122.0,8.0,185.0,0.0,175.0,0.0,56587,5234,129481,1731
2020-09-26,192,0,169.0,0.0,196.0,0.0,203.0,0.0,56587,5258,130050,1739
2020-09-27,233,0,180.0,0.0,214.0,8.0,227.0,0.0,56587,5287,130642,1742
2020-09-28,228,8,205.0,13.0,227.0,0.0,233.0,38.0,57147,5300,131072,1745
2020-09-29,200,135,203.0,20.0,207.0,114.0,219.0,0.0,57329,5337,131584,1749
2020-09-30,161,384,144.0,318.0,201.0,175.0,194.0,109.0,57550,5389,132116,1752
2020-10-01,156,0,136.0,0.0,171.0,0.0,189.0,0.0,57742,5428,132870,1755
2020-10-02,108,142,94.0,142.0,136.0,36.0,158.0,0.0,58297,5466,133631,1768
2020-10-03,114,30,83.0,0.0,111.0,0.0,119.0,0.0,58297,5484,134303,1778
2020-10-04,117,0,75.0,8.0,103.0,0.0,114.0,0.0,58297,5519,134947,1785
2020-10-05,136,0,97.0,0.0,133.0,0.0,130.0,8.0,59120,5544,135462,1817
2020-10-06,150,0,100.0,0.0,142.0,3.0,144.0,0.0,59241,5565,135957,1821
2020-10-07,136,124,128.0,66.0,158.0,36.0,183.0,28.0,59364,5603,136492,1827
2020-10-08,67,0,55.0,0.0,140.0,0.0,139.0,0.0,59748,5638,136936,1838
2020-10-09,70,0,53.0,0.0,113.0,0.0,94.0,0.0,60038,5665,137701,1846
2020-10-10,175,104,139.0,86.0,174.0,0.0,181.0,0.0,60038,5695,138340,1857
2020-10-11,83,0,47.0,0.0,168.0,0.0,133.0,0.0,60038,5720,138903,1868
2020-10-12,83,0,36.0,0.0,106.0,18.0,92.0,0.0,61377,5752,139663,1876
2020-10-13,103,48,47.0,582.0,107.0,384.0,136.0,526.0,61697,5780,140412,1886
2020-10-14,127,0,97.0,41.0,139.0,0.0,152.0,13.0,61861,5816,140992,1889
2020-10-15,161,13,108.0,0.0,132.0,0.0,150.0,0.0,62028,5834,141579,1903
2020-10-16,105,183,103.0,229.0,150.0,404.0,166.0,51.0,62830,5863,142346,1915
2020-10-17,83,0,42.0,602.0,102.0,124.0,102.0,432.0,62830,5912,142930,1926
2020-10-18,89,0,58.0,0.0,71.0,0.0,80.0,0.0,62830,5937,143660,1937
2020-10-19,133,66,83.0,56.0,98.0,0.0,89.0,0.0,64021,5961,144488,1946
2020-10-20,119,18,81.0,30.0,152.0,0.0,139.0,0.0,64455,5987,145464,1956
2020-10-21,141,53,78.0,3.0,177.0,0.0,175.0,13.0,64871,6024,146166,1971
2020-10-22,117,0,100.0,0.0,198.0,0.0,169.0,0.0,65373,6063,147215,1987
2020-10-23,180,0,100.0,0.0,188.0,8.0,161.0,0.0,66052,6094,148285,2016
2020-10-24,122,30,69.0,15.0,164.0,0.0,169.0,0.0,66052,6136,149488,2043
2020-10-25,41,0,8.0,0.0,81.0,0.0,97.0,0.0,66052,6199,150565,2073
2020-10-26,61,20,6.0,56.0,80.0,8.0,92.0,3.0,68099,6251,151777,2083
2020-10-27,39,3,11.0,0.0,106.0,3.0,102.0,0.0,68637,6309,153037,2113
2020-10-28,64,0,-22.0,0.0,89.0,102.0,91.0,69.0,69127,6386,154218,2120
2020-10-29,50,36,14.0,0.0,83.0,290.0,75.0,229.0,70446,6466,155564,2141
2020-10-30,-5,0,-25.0,0.0,31.0,135.0,36.0,356.0,71207,6566,157146,2155
2020-10-31,-3,0,-11.0,0.0,-2.0,0.0,3.0,0.0,71207,6662,158576,2179
2020-11-01,69,33,3.0,15.0,41.0,112.0,36.0,28.0,71207,6711,159707,2196
2020-11-02,25,13,0.0,104.0,46.0,0.0,47.0,89.0,73858,6798,160549,2219
2020-11-03,6,8,-52.0,25.0,39.0,0.0,30.0,3.0,74843,6925,161585,2237
2020-11-04,61,0,-36.0,0.0,51.0,0.0,58.0,0.0,75373,7071,163299,2267
2020-11-05,155,0,47.0,0.0,131.0,0.0,150.0,0.0,77060,7260,165161,2303
2020-11-06,167,0,133.0,0.0,156.0,0.0,178.0,0.0,78125,7444,167274,2326
2020-11-07,142,0,153.0,0.0,153.0,0.0,163.0,0.0,78125,7600,169576,2347
2020-11-08,141,0,100.0,0.0,128.0,0.0,139.0,0.0,78125,7693,171399,2392
2020-11-09,128,0,116.0,3.0,114.0,0.0,130.0,0.0,81432,7888,172727,2415
2020-11-10,152,0,166.0,0.0,131.0,0.0,155.0,0.0,82953,8060,174881,2462
2020-11-11,178,5,150.0,30.0,173.0,99.0,194.0,0.0,84741,8202,177541,2535
2020-11-12,75,0,78.0,3.0,146.0,5.0,150.0,20.0,85899,8395,180189,2651
2020-11-13,17,3,0.0,30.0,63.0,51.0,89.0,71.0,88645,8639,183095,2743
2020-11-14,17,0,25.0,0.0,53.0,0.0,53.0,0.0,88645,8791,186142,2843
2020-11-15,17,117,0.0,102.0,27.0,157.0,30.0,0.0,88645,8944,188275,2889
2020-11-16,53,20,33.0,130.0,104.0,0.0,105.0,155.0,93284,9117,190439,3008
2020-11-17,11,0,-22.0,3.0,46.0,0.0,47.0,0.0,94986,9363,192964,3104
2020-11-18,-52,0,-55.0,0.0,-1.0,0.0,19.0,0.0,97028,9519,195868,3161
2020-11-19,0,0,-69.0,0.0,-12.0,0.0,-9.0,0.0,99381,9734,198550,3310
2020-11-20,105,0,28.0,0.0,96.0,0.0,117.0,0.0,101469,9958,200949,3459
2020-11-21,69,0,28.0,0.0,101.0,0.0,108.0,0.0,101469,10123,204155,3546
2020-11-22,9,0,-39.0,3.0,47.0,8.0,66.0,0.0,101469,10359,206850,3629
2020-11-23,44,56,14.0,391.0,63.0,201.0,103.0,295.0,106740,10544,208623,3714
2020-11-24,-17,0,-57.0,0.0,33.0,0.0,36.0,0.0,107280,10799,211199,3762
2020-11-25,14,23,-41.0,48.0,19.0,3.0,44.0,0.0,109152,11027,214594,3827
2020-11-26,75,64,14.0,104.0,79.0,229.0,111.0,79.0,109152,11265,214594,3827
2020-11-27,72,0,44.0,0.0,84.0,0.0,86.0,0.0,112581,11265,219252,4005
2020-11-28,44,18,19.0,8.0,87.0,0.0,91.0,0.0,112581,11288,222469,4033
2020-11-29,44,0,19.0,0.0,46.0,0.0,50.0,0.0,112581,11508,224964,4100
2020-11-29,44,0,19.0,0.0,46.0,0.0,50.0,0.0,112581,11508,224964,4100
2020-11-29,44,0,19.0,0.0,46.0,0.0,50.0,0.0,112581,11508,224964,4100
2020-11-29,44,0,19.0,0.0,46.0,0.0,50.0,0.0,112581,11508,224964,4100
2020-11-30,61,170,53.0,503.0,57.0,478.0,80.0,122.0,117295,11757,226132,4172
2020-11-30,61,170,53.0,503.0,57.0,478.0,80.0,122.0,117295,11757,226132,4172
2020-12-01,119,20,97.0,361.0,144.0,0.0,133.0,180.0,118754,11981,229205,4239
2020-12-02,25,8,17.0,5.0,38.0,0.0,41.0,0.0,121426,12208,234232,4461
2020-12-03,28,0,-8.0,0.0,38.0,0.0,41.0,0.0,126177,12554,240907,4642
2020-12-04,58,5,3.0,3.0,81.0,0.0,97.0,0.0,127715,12844,246398,4763
2020-12-05,17,0,6.0,168.0,50.0,424.0,61.0,648.0,127715,13127,252017,4894
2020-12-06,-13,0,-38.0,1311.0,15.0,0.0,16.0,15.0,127715,13348,256844,5015
2020-12-07,-30,0,-58.0,0.0,-4.0,0.0,-11.0,0.0,135844,13775,259325,5080
2020-12-08,-44,5,-60.0,5.0,-14.0,0.0,-11.0,3.0,138258,14049,263447,5180
2020-12-09,-22,28,-60.0,10.0,-14.0,0.0,-25.0,0.0,140548,14454,269412,5285
2020-12-10,8,0,-38.0,8.0,38.0,0.0,30.0,0.0,142979,14861,274781,5413
2020-12-11,31,0,-19.0,0.0,21.0,0.0,28.0,0.0,146761,15206,280436,5541
2020-12-12,44,10,-5.0,28.0,33.0,28.0,50.0,94.0,146761,15620,285725,5626
2020-12-13,55,0,-3.0,23.0,76.0,0.0,114.0,3.0,146761,15923,290578,5753
2020-12-14,6,0,-38.0,0.0,18.0,15.0,44.0,30.0,153992,16349,294231,5857
2020-12-15,-61,0,-110.0,5.0,6.0,0.0,0.0,0.0,155462,16760,298160,5923
2020-12-16,-121,0,-163.0,0.0,-52.0,43.0,-47.0,0.0,157781,17311,304112,6009
2020-12-17,-108,61,-133.0,0.0,-52.0,236.0,-22.0,345.0,160102,17901,309247,6149
2020-12-18,-113,3,-130.0,0.0,-41.0,0.0,-37.0,0.0,162782,18337,314926,6243
2020-12-19,-102,0,-77.0,0.0,-91.0,0.0,-42.0,0.0,162782,18738,319270,6343
2020-12-20,-14,15,-52.0,10.0,-49.0,15.0,-20.0,5.0,162782,18946,323531,6443
2020-12-21,19,0,3.0,0.0,-1.0,0.0,-11.0,0.0,167377,19285,327374,6534
2020-12-22,9,10,0.0,3.0,3.0,0.0,25.0,0.0,168960,19743,331174,6608
2020-12-23,-19,0,-52.0,0.0,18.0,0.0,3.0,0.0,170705,20491,335988,6680
2020-12-24,75,38,6.0,51.0,33.0,5.0,47.0,0.0,172743,21226,341925,6781
2020-12-25,108,102,94.0,688.0,134.0,538.0,141.0,330.0,172743,21547,341925,6781
2020-12-26,-3,15,14.0,112.0,4.0,0.0,50.0,0.0,172743,21547,349602,6966
2020-12-27,-16,0,-77.0,0.0,-22.0,0.0,-9.0,0.0,172743,21880,352736,7029
2020-12-28,28,0,-30.0,20.0,9.0,0.0,25.0,0.0,181200,22319,356934,7120
2020-12-29,-41,3,-50.0,0.0,21.0,0.0,19.0,0.0,181967,22909,361079,7202
2020-12-30,-42,0,-71.0,8.0,-27.0,0.0,-31.0,0.0,183663,23499,367918,7276
2020-12-31,0,0,-30.0,10.0,41.0,41.0,50.0,33.0,185708,24201,375178,7412
2021-01-01,-14,5,-63.0,0.0,-2.0,46.0,11.0,0.0,185708,24902,375178,7412
2021-01-02,-13,122,-52.0,251.0,23.0,53.0,39.0,81.0,190120,25245,384181,7689
2021-01-03,-11,18,-58.0,0.0,-8.0,30.0,13.0,5.0,190120,25592,387662,7793
2021-01-04,6,0,-41.0,0.0,5.0,3.0,19.0,3.0,194636,25967,392568,7873
2021-01-05,-14,0,-38.0,0.0,9.0,0.0,5.0,20.0,196968,26565,397202,8038
2021-01-06,-33,5,-44.0,0.0,13.0,0.0,19.0,3.0,199454,27090,404053,8158
2021-01-07,-36,0,-55.0,0.0,7.0,0.0,22.0,0.0,202758,27625,411601,8403
2021-01-08,-77,0,-74.0,15.0,-11.0,0.0,5.0,0.0,205994,28407,419721,8619
2021-01-09,-66,0,-55.0,0.0,-23.0,0.0,-11.0,0.0,205994,29019,427135,8790
2021-01-10,-60,0,-66.0,0.0,-4.0,0.0,5.0,0.0,205994,29298,432791,8967
2021-01-11,-63,0,-74.0,0.0,-41.0,0.0,-28.0,0.0,213358,29611,437042,9078
2021-01-12,0,0,-27.0,10.0,-27.0,0.0,-6.0,0.0,217047,30326,442529,9247
2021-01-13,0,0,-27.0,0.0,3.0,0.0,8.0,0.0,220576,31150,448447,9368
2021-01-14,14,0,-19.0,0.0,9.0,10.0,16.0,18.0,221544,31958,454402,9573
2021-01-15,-8,0,-11.0,0.0,16.0,0.0,27.0,5.0,223422,32781,459927,9734
2021-01-16,22,180,-11.0,152.0,38.0,411.0,61.0,310.0,223422,33219,465726,9915
2021-01-17,14,25,-11.0,33.0,28.0,0.0,41.0,0.0,223422,33559,470140,10057
2021-01-18,-41,30,-69.0,0.0,39.0,0.0,50.0,0.0,230125,33876,473441,10220
2021-01-19,-69,3,-105.0,0.0,0.0,0.0,8.0,0.0,232219,34262,476526,10321
2021-01-20,-88,23,-88.0,0.0,-1.0,0.0,8.0,0.0,234134,34963,481040,10471
2021-01-21,-80,5,-130.0,0.0,-41.0,0.0,-31.0,0.0,235796,35638,486180,10580
2021-01-22,-25,0,-72.0,28.0,3.0,0.0,11.0,0.0,237815,36274,491452,10759
2021-01-23,-91,10,-110.0,0.0,-22.0,0.0,-9.0,0.0,237815,36598,496093,10908
2021-01-24,-99,0,-144.0,0.0,-67.0,0.0,-48.0,0.0,237815,36598,500037,11033
2021-01-25,-102,0,-96.0,0.0,-48.0,0.0,-28.0,0.0,243632,37046,503688,11165
2021-01-26,-41,5,-74.0,0.0,-29.0,51.0,-22.0,15.0,244899,37710,506183,11285
2021-01-27,-30,5,-30.0,15.0,-16.0,13.0,5.0,64.0,247339,38170,509503,11379
2021-01-28,-85,0,-74.0,3.0,-23.0,0.0,-11.0,20.0,248765,38454,514134,11523
2021-01-29,-144,0,-138.0,23.0,-105.0,0.0,-81.0,0.0,250023,38813,517252,11658
2021-01-30,-152,0,-155.0,0.0,-103.0,0.0,-98.0,0.0,250023,39168,521360,11831
2021-01-31,-155,0,-133.0,0.0,-113.0,0.0,-100.0,0.0,250023,39324,524025,11965
2021-02-01,-141,0,-107.0,3.0,-59.0,312.0,-34.0,117.0,253954,39543,526423,12083
2021-02-02,-63,79,-41.0,221.0,-1.0,13.0,19.0,424.0,256522,39960,528662,12196
2021-02-03,-19,15,-24.0,3.0,-2.0,0.0,2.0,3.0,257004,40233,531117,12329
2021-02-04,-36,3,-36.0,5.0,-2.0,0.0,16.0,3.0,257941,40534,533921,12503
2021-02-05,-30,46,-66.0,15.0,-15.0,3.0,5.0,5.0,259372,40799,537208,12612
2021-02-06,-28,0,-47.0,5.0,4.0,0.0,25.0,0.0,259372,41065,540827,12766
2021-02-07,-63,3,-105.0,30.0,-29.0,66.0,-3.0,160.0,259372,41219,543934,12900
2021-02-08,-88,0,-105.0,0.0,-53.0,0.0,-42.0,8.0,263739,41419,545303,13046
2021-02-09,-83,30,-130.0,8.0,-58.0,43.0,-59.0,51.0,264608,41636,546896,13105
2021-02-10,-85,3,-108.0,0.0,-53.0,0.0,-42.0,0.0,265496,41889,548946,13122
2021-02-11,-99,0,-127.0,0.0,-43.0,3.0,-36.0,0.0,266499,42064,551396,13249
2021-02-12,-147,0,-149.0,0.0,-70.0,0.0,-56.0,0.0,267337,42265,553812,13415
2021-02-13,-149,0,-130.0,0.0,-58.0,0.0,-45.0,0.0,267337,42425,555895,13561
2021-02-14,-72,0,-85.0,0.0,-18.0,0.0,-6.0,0.0,267337,42529,557777,13677
2021-02-15,-88,5,-74.0,3.0,-9.0,5.0,8.0,18.0,270242,42677,559350,13862
2021-02-16,-36,157,-55.0,231.0,7.0,193.0,22.0,165.0,270822,42773,560576,13917
2021-02-17,-85,0,-99.0,0.0,-23.0,0.0,-14.0,0.0,271356,42877,561936,13996
2021-02-18,-83,0,-99.0,0.0,-47.0,18.0,-34.0,13.0,271903,43095,563976,14149
2021-02-19,-49,5,-82.0,0.0,-33.0,28.0,-6.0,51.0,273101,43229,565794,14251
2021-02-20,-60,0,-77.0,0.0,-18.0,0.0,-17.0,76.0,273101,43367,567764,14359
2021-02-21,-58,0,-80.0,0.0,-37.0,0.0,-31.0,0.0,273101,43497,569284,14493
2021-02-22,-58,15,-74.0,76.0,-34.0,89.0,-34.0,48.0,275334,43594,570546,14608
2021-02-23,19,8,-19.0,0.0,20.0,0.0,38.0,8.0,276691,43736,571783,14691
2021-02-24,42,3,11.0,30.0,50.0,0.0,58.0,0.0,278184,43900,573885,14768
2021-02-25,3,10,-58.0,8.0,53.0,0.0,58.0,0.0,279159,44118,575993,14840
2021-02-26,-38,0,-108.0,0.0,9.0,0.0,5.0,0.0,279946,44296,577980,14963
2021-02-27,3,13,-50.0,104.0,11.0,69.0,44.0,66.0,279946,44493,579680,15098
2021-02-28,25,0,17.0,0.0,26.0,10.0,30.0,0.0,279946,44635,581148,15198
2021-03-01,-27,15,-61.0,107.0,31.0,66.0,50.0,38.0,282626,44763,582543,15284
2021-03-02,-108,0,-169.0,0.0,-51.0,0.0,-39.0,0.0,283128,44944,582844,15372
2021-03-03,-46,10,-74.0,0.0,4.0,0.0,11.0,0.0,283622,45091,584743,15487
2021-03-04,-47,3,-96.0,0.0,29.0,0.0,22.0,0.0,284500,45231,586310,15686
2021-03-05,-77,0,-127.0,0.0,-28.0,0.0,-23.0,0.0,285330,45456,588209,15819
2021-03-06,-68,0,-105.0,0.0,-26.0,0.0,-28.0,0.0,285330,45639,589931,15964
2021-03-07,-61,0,-82.0,0.0,-27.0,0.0,-25.0,0.0,285330,45794,591356,16083
2021-03-08,-66,0,-58.0,0.0,-17.0,0.0,-6.0,0.0,287396,45933,592344,16199
2021-03-09,12,0,-41.0,0.0,63.0,0.0,64.0,0.0,288145,46066,593607,16286
2021-03-10,31,0,9.0,0.0,49.0,0.0,44.0,0.0,288657,46261,595264,16371
2021-03-11,125,0,50.0,0.0,87.0,0.0,116.0,0.0,289392,46448,597073,16500
2021-03-12,58,3,55.0,0.0,132.0,0.0,136.0,0.0,290577,46657,598859,16623
2021-03-13,-14,0,-36.0,0.0,46.0,0.0,39.0,0.0,290577,46863,600616,16698
2021-03-14,-44,0,-94.0,8.0,34.0,0.0,36.0,0.0,290577,47032,602308,16890
2021-03-15,-99,0,-163.0,0.0,-36.0,0.0,-56.0,0.0,293102,47206,603464,16992
2021-03-16,-44,0,-88.0,0.0,-32.0,0.0,-23.0,0.0,293955,47395,604666,17047
2021-03-17,34,0,0.0,0.0,24.0,3.0,44.0,0.0,294328,47591,606377,17106
2021-03-18,17,10,-8.0,0.0,58.0,185.0,50.0,119.0,295484,47832,608318,17247
2021-03-19,-44,0,-88.0,0.0,29.0,0.0,22.0,79.0,296691,48071,610481,17393
2021-03-20,31,0,3.0,0.0,40.0,0.0,53.0,0.0,296691,48293,612857,17555
2021-03-21,70,0,72.0,0.0,78.0,0.0,64.0,0.0,296691,48464,614668,17740
2021-03-22,89,0,81.0,0.0,80.0,0.0,83.0,0.0,299667,48642,615874,17839
2021-03-23,103,0,83.0,0.0,88.0,0.0,88.0,0.0,300565,48773,617695,17933
2021-03-24,103,3,80.0,0.0,103.0,28.0,97.0,0.0,302022,48972,619816,18028
2021-03-25,172,0,69.0,8.0,143.0,41.0,142.0,25.0,303510,49190,622226,18215
2021-03-26,128,104,44.0,97.0,158.0,15.0,144.0,5.0,305210,49443,624986,18498
2021-03-27,50,0,0.0,10.0,132.0,0.0,119.0,0.0,305210,49653,627556,18623
2021-03-28,55,56,-5.0,140.0,94.0,234.0,91.0,114.0,305210,49850,629531,18820
2021-03-29,31,3,-5.0,5.0,87.0,0.0,88.0,76.0,308439,50030,631031,19002
2021-03-30,73,0,22.0,0.0,69.0,0.0,64.0,0.0,310056,50253,633081,19109
2021-03-31,111,53,64.0,0.0,121.0,64.0,133.0,0.0,310624,50504,635580,19275
2021-04-01,9,64,9.0,173.0,92.0,18.0,94.0,401.0,312468,50788,638339,19523
2021-04-02,-16,0,-60.0,0.0,4.0,0.0,14.0,0.0,313956,51189,640779,19755
2021-04-03,17,0,-36.0,0.0,33.0,0.0,25.0,0.0,313956,51470,643232,19905
2021-04-04,50,0,12.0,5.0,59.0,0.0,50.0,0.0,313956,51765,643232,20149
2021-04-05,83,0,6.0,89.0,114.0,0.0,94.0,0.0,316655,51986,646220,20267
2021-04-06,86,0,39.0,13.0,123.0,0.0,108.0,0.0,317729,52277,648023,20373
2021-04-07,111,0,83.0,3.0,134.0,0.0,72.0,0.0,318767,52677,650573,20442
2021-04-08,133,0,111.0,0.0,137.0,0.0,111.0,0.0,319779,52996,652966,20669
2021-04-09,166,0,122.0,0.0,130.0,0.0,103.0,0.0,321586,53434,655278,20815
2021-04-10,186,5,139.0,8.0,157.0,0.0,155.0,0.0,321586,53745,657578,20965
2021-04-11,155,0,86.0,0.0,137.0,3.0,114.0,0.0,321586,53960,659569,21202
2021-04-12,141,0,94.0,5.0,95.0,0.0,75.0,10.0,324571,54256,661101,21291
2021-04-13,122,0,94.0,0.0,108.0,0.0,80.0,0.0,325689,54827,662699,21388
2021-04-14,152,0,70.0,0.0,141.0,0.0,94.0,0.0,327298,55374,664943,21488
2021-04-15,89,170,86.0,0.0,94.0,368.0,91.0,0.0,328000,55954,667066,21664
2021-04-16,36,140,22.0,23.0,37.0,175.0,44.0,617.0,329062,56525,669282,21803
2021-04-17,61,0,28.0,13.0,72.0,0.0,58.0,89.0,329062,56939,671250,21869
2021-04-18,80,0,44.0,0.0,108.0,0.0,105.0,0.0,329062,57285,672657,22016
2021-04-19,108,0,100.0,0.0,133.0,0.0,113.0,0.0,331401,57545,673974,22112
2021-04-20,94,0,86.0,0.0,133.0,0.0,139.0,0.0,332139,57965,675162,22112
2021-04-21,28,91,17.0,295.0,114.0,33.0,144.0,69.0,332995,58465,676758,22238
2021-04-22,11,3,-30.0,25.0,38.0,0.0,58.0,3.0,333732,58868,678386,22325
2021-04-23,91,0,36.0,0.0,82.0,0.0,83.0,0.0,334766,59239,680007,22416
2021-04-24,114,0,119.0,0.0,144.0,0.0,139.0,0.0,334766,59612,681570,22479
2021-04-25,103,18,111.0,3.0,123.0,43.0,130.0,48.0,334766,59776,682784,22576
2021-04-26,44,0,25.0,30.0,95.0,0.0,91.0,0.0,336933,60005,683665,22617
2021-04-27,78,0,75.0,0.0,109.0,0.0,116.0,0.0,337340,60430,684630,22675
2021-04-28,125,135,114.0,0.0,154.0,8.0,136.0,58.0,337961,60691,686243,22723
2021-04-29,119,86,133.0,0.0,154.0,53.0,100.0,81.0,338447,60945,687638,22824
2021-04-30,77,213,61.0,226.0,144.0,0.0,130.0,53.0,339233,61213,688973,22952
2021-05-01,69,30,61.0,0.0,98.0,0.0,114.0,38.0,339233,61616,690279,23032
2021-05-02,122,0,92.0,0.0,154.0,20.0,166.0,3.0,339233,61847,691172,23126
2021-05-03,86,0,75.0,0.0,157.0,64.0,155.0,0.0,340545,62092,691735,23158
2021-05-04,103,5,114.0,0.0,128.0,203.0,97.0,272.0,340962,62510,692589,23191
2021-05-05,127,203,75.0,124.0,121.0,71.0,89.0,89.0,341571,62858,693608,23247
2021-05-06,97,0,53.0,18.0,132.0,0.0,128.0,10.0,342282,63176,694769,23296
2021-05-07,94,0,64.0,0.0,126.0,0.0,97.0,0.0,342718,63464,695745,23393
2021-05-08,122,5,75.0,0.0,109.0,0.0,80.0,0.0,342718,63751,696540,23445
2021-05-09,122,3,86.0,0.0,123.0,76.0,136.0,0.0,342718,63994,697398,23486
2021-05-10,136,10,111.0,0.0,114.0,160.0,122.0,89.0,343545,64219,697872,23541
2021-05-11,106,8,66.0,89.0,134.0,0.0,133.0,0.0,343954,64457,698427,23606
2021-05-12,119,13,80.0,33.0,119.0,0.0,125.0,0.0,344141,64748,699187,23651
2021-05-13,133,0,100.0,0.0,132.0,0.0,125.0,0.0,344612,65044,699908,23724
2021-05-14,158,0,133.0,0.0,148.0,0.0,153.0,0.0,344977,65348,700337,23792
2021-05-15,164,0,139.0,10.0,179.0,0.0,172.0,0.0,344977,65524,701490,23847
2021-05-16,166,0,150.0,0.0,181.0,0.0,180.0,0.0,344977,65716,702039,23883
2021-05-17,180,0,150.0,0.0,175.0,0.0,161.0,0.0,345639,65915,702338,23912
2021-05-18,200,0,161.0,0.0,195.0,0.0,186.0,0.0,345720,66114,702776,23945
2021-05-19,194,0,152.0,0.0,224.0,0.0,188.0,0.0,345948,66316,703292,23988
2021-05-20,236,0,161.0,0.0,189.0,0.0,158.0,0.0,346154,66535,703897,24026
2021-05-21,264,0,191.0,46.0,187.0,0.0,186.0,0.0,346325,66705,704345,24065
2021-05-22,253,0,186.0,3.0,221.0,0.0,228.0,0.0,346325,66863,704796,24084
2021-05-23,169,10,133.0,18.0,248.0,8.0,247.0,0.0,346325,66979,705142,24106
2021-05-24,142,0,105.0,0.0,164.0,0.0,147.0,0.0,346711,67078,705370,24127
2021-05-25,202,0,147.0,0.0,166.0,0.0,169.0,0.0,346892,67139,705598,24136
2021-05-26,256,25,228.0,0.0,221.0,124.0,236.0,0.0,346980,67301,706027,24162
2021-05-27,150,0,116.0,0.0,215.0,10.0,230.0,58.0,347137,67423,706272,24182
2021-05-28,83,0,64.0,0.0,141.0,310.0,150.0,5.0,347341,67551,706559,24190
2021-05-29,136,0,100.0,0.0,79.0,170.0,83.0,638.0,347341,67658,706783,24200
2021-05-30,114,38,97.0,66.0,88.0,244.0,91.0,180.0,347341,67745,706945,24209
2021-05-31,127,10,94.0,145.0,113.0,20.0,119.0,107.0,347341,67787,706945,24220
2021-06-01,166,3,144.0,0.0,158.0,0.0,158.0,0.0,347563,67819,707131,24224
2021-06-02,200,0,172.0,0.0,189.0,0.0,189.0,0.0,347678,67881,707265,24232
2021-06-03,194,0,167.0,20.0,180.0,0.0,189.0,0.0,347748,67986,707523,24240
2021-06-04,233,5,197.0,0.0,214.0,3.0,219.0,5.0,347891,68058,707723,24252
2021-06-05,252,5,208.0,5.0,238.0,0.0,230.0,0.0,347891,68155,707940,24252
2021-06-06,272,3,236.0,0.0,269.0,0.0,258.0,0.0,347891,68233,708083,24252
2021-06-07,283,0,267.0,0.0,276.0,0.0,269.0,0.0,348088,68262,708195,24282
2021-06-08,269,0,261.0,18.0,258.0,150.0,280.0,15.0,348154,68333,708316,24295
2021-06-09,244,71,197.0,18.0,259.0,0.0,261.0,10.0,348262,68386,708459,24300
2021-06-10,191,0,128.0,0.0,235.0,0.0,189.0,0.0,348319,68449,708579,24314
2021-06-11,180,0,139.0,0.0,185.0,0.0,144.0,0.0,348350,68488,708710,24320
2021-06-12,200,0,158.0,0.0,187.0,20.0,175.0,137.0,348350,68541,708836,24320
2021-06-13,211,0,178.0,0.0,206.0,0.0,213.0,0.0,348350,68590,708875,24320
2021-06-14,194,137,183.0,0.0,179.0,267.0,177.0,130.0,348465,68606,708933,24331
2021-06-15,200,94,158.0,127.0,207.0,0.0,208.0,0.0,348521,68635,709012,24339
2021-06-16,164,0,141.0,3.0,195.0,0.0,186.0,0.0,348560,68686,709080,24348
2021-06-17,178,0,144.0,0.0,182.0,0.0,169.0,0.0,348595,68720,709187,24357
2021-06-18,189,3,172.0,0.0,197.0,0.0,191.0,0.0,348665,68756,709263,24360
2021-06-19,230,97,197.0,18.0,247.0,0.0,250.0,0.0,348665,68794,709354,24360
2021-06-20,222,0,194.0,0.0,241.0,0.0,250.0,15.0,348665,68826,709395,24360
2021-06-21,263,74,216.0,5.0,250.0,3.0,250.0,0.0,348757,68846,709443,24368
2021-06-22,172,0,166.0,23.0,211.0,41.0,242.0,246.0,348802,68866,709476,24371
2021-06-23,158,0,136.0,0.0,173.0,0.0,175.0,20.0,348840,68879,709544,24379
2021-06-24,186,0,152.0,0.0,178.0,0.0,172.0,0.0,348993,68889,709622,24385
2021-06-25,225,0,147.0,0.0,187.0,0.0,175.0,114.0,349120,68925,709682,24392
2021-06-26,233,5,181.0,8.0,231.0,0.0,233.0,0.0,349120,68964,709738,24392
2021-06-27,291,0,255.0,0.0,261.0,0.0,261.0,0.0,349120,68977,709769,24392
2021-06-28,291,18,250.0,10.0,281.0,0.0,280.0,0.0,349261,68990,709810,24402
2021-06-29,286,0,247.0,0.0,298.0,84.0,294.0,0.0,349301,69022,709873,24406
2021-06-30,252,86,238.0,66.0,286.0,130.0,294.0,58.0,349352,69034,709966,24410
2021-07-01,222,0,186.0,0.0,236.0,64.0,250.0,122.0,349387,69055,710049,24412
2021-07-02,183,79,130.0,0.0,195.0,605.0,183.0,544.0,349476,69070,710138,24419
2021-07-03,158,36,116.0,0.0,148.0,41.0,139.0,378.0,349476,69099,710138,24419
2021-07-04,183,0,122.0,0.0,166.0,33.0,153.0,97.0,349476,69121,710138,24419
2021-07-05,203,0,163.0,0.0,185.0,0.0,186.0,5.0,349476,69121,710138,24419
2021-07-06,264,20,186.0,10.0,241.0,292.0,250.0,0.0,349651,69121,710428,24433
2021-07-07,191,0,175.0,0.0,248.0,155.0,261.0,274.0,349743,69159,710519,24440
2021-07-08,183,86,133.0,46.0,208.0,251.0,200.0,185.0,349798,69192,710629,24445
2021-07-09,202,41,155.0,373.0,216.0,300.0,197.0,498.0,349969,69202,710830,24457
2021-07-10,197,0,183.0,0.0,227.0,0.0,194.0,36.0,349969,69220,710830,24457
2021-07-11,203,0,192.0,0.0,224.0,8.0,203.0,0.0,349969,69220,710830,24457
2021-07-12,233,0,200.0,0.0,195.0,203.0,200.0,384.0,350039,69220,711162,24489
2021-07-13,213,130,178.0,0.0,204.0,10.0,183.0,3.0,350245,69285,711446,24497
2021-07-14,250,51,166.0,15.0,237.0,130.0,225.0,0.0,350386,69325,711676,24516
2021-07-15,250,0,219.0,0.0,254.0,0.0,247.0,0.0,350536,69374,711943,24529
2021-07-16,230,0,202.0,91.0,270.0,23.0,275.0,36.0,350675,69418,712272,24550
2021-07-17,216,86,206.0,0.0,254.0,48.0,219.0,74.0,350675,69476,712272,24550
2021-07-18,197,356,189.0,30.0,229.0,295.0,208.0,122.0,350675,69476,712272,24550
2021-07-19,227,10,189.0,0.0,221.0,10.0,200.0,8.0,351084,69476,713037,24579
2021-07-20,228,315,205.0,0.0,239.0,0.0,230.0,0.0,351302,69627,713489,24590
2021-07-21,175,15,150.0,122.0,239.0,0.0,225.0,25.0,351530,69675,714014,24609
2021-07-22,194,0,172.0,0.0,219.0,0.0,216.0,46.0,351825,69781,714556,24647
2021-07-23,208,0,172.0,8.0,222.0,0.0,208.0,43.0,352037,69835,715180,24676
2021-07-24,211,0,192.0,0.0,215.0,0.0,194.0,0.0,352037,69905,715180,24676
2021-07-25,241,58,153.0,36.0,218.0,41.0,202.0,23.0,352037,69905,715180,24676
2021-07-26,244,0,217.0,5.0,254.0,0.0,253.0,0.0,352626,69905,716452,24748
2021-07-27,205,56,178.0,0.0,248.0,20.0,244.0,69.0,353114,70077,717284,24760
2021-07-28,194,0,161.0,0.0,219.0,0.0,200.0,114.0,353505,70141,717944,24804
2021-07-29,180,3,155.0,20.0,212.0,51.0,208.0,0.0,353844,70261,718849,24830
2021-07-30,189,84,152.0,28.0,231.0,0.0,222.0,43.0,354335,70372,719780,24889
2021-07-31,191,0,153.0,0.0,187.0,0.0,183.0,0.0,354335,70463,719780,24889
2021-08-01,172,188,155.0,0.0,191.0,18.0,189.0,0.0,354335,70463,719780,24889
2021-08-02,188,51,153.0,135.0,213.0,0.0,208.0,0.0,355580,70463,721885,25038
2021-08-03,192,0,175.0,0.0,193.0,0.0,186.0,0.0,356164,70718,722986,25077
2021-08-04,208,0,200.0,0.0,196.0,0.0,205.0,18.0,356701,70847,724018,25129
2021-08-05,227,0,180.0,30.0,208.0,0.0,183.0,859.0,357345,70996,725189,25219
2021-08-06,233,0,219.0,0.0,238.0,0.0,233.0,5.0,358076,71141,726395,25320
2021-08-07,250,53,225.0,84.0,249.0,0.0,247.0,0.0,358076,71306,726395,25320
2021-08-08,244,0,217.0,0.0,248.0,0.0,242.0,0.0,358076,71306,726395,25320
2021-08-09,264,0,200.0,0.0,239.0,0.0,213.0,147.0,359363,71305,729047,25571
2021-08-10,264,0,202.0,0.0,237.0,0.0,216.0,157.0,359638,71666,730381,25663
2021-08-11,280,84,194.0,0.0,272.0,0.0,252.0,0.0,360552,71883,731821,25757
2021-08-12,275,0,258.0,0.0,286.0,109.0,280.0,0.0,361294,72119,733188,25883
2021-08-13,272,0,266.0,0.0,267.0,71.0,280.0,0.0,361836,72333,734486,26040
2021-08-14,230,320,216.0,66.0,269.0,5.0,275.0,0.0,361836,72522,734486,26040
2021-08-15,186,0,164.0,0.0,214.0,0.0,225.0,0.0,361836,72522,734486,26040
2021-08-16,189,0,180.0,0.0,206.0,0.0,200.0,0.0,363417,72522,737579,26040
2021-08-17,189,28,200.0,0.0,222.0,0.0,222.0,0.0,364298,72897,739047,26397
2021-08-18,236,5,216.0,168.0,237.0,0.0,255.0,0.0,364891,73088,740626,26494
2021-08-19,230,229,219.0,0.0,243.0,879.0,252.0,145.0,365425,73270,742202,26663
2021-08-20,264,0,241.0,0.0,244.0,5.0,233.0,3.0,365856,73455,743735,26778
2021-08-21,269,0,230.0,0.0,251.0,0.0,250.0,0.0,365856,73660,743735,26924
2021-08-22,272,0,202.0,13.0,227.0,813.0,230.0,175.0,365856,73660,743735,27050
2021-08-23,258,0,205.0,23.0,219.0,330.0,244.0,3.0,367410,73660,747153,27132
2021-08-24,264,0,244.0,0.0,248.0,0.0,247.0,318.0,368481,74022,748753,27237
2021-08-25,255,0,244.0,0.0,255.0,0.0,258.0,0.0,369132,74313,750248,27355
2021-08-26,286,0,258.0,0.0,267.0,0.0,272.0,0.0,369920,74703,752139,27504
2021-08-27,211,0,178.0,0.0,271.0,0.0,269.0,0.0,370708,74966,753795,27648
2021-08-28,194,0,139.0,0.0,216.0,5.0,208.0,0.0,370708,75381,753795,27835
2021-08-29,219,102,130.0,5.0,187.0,0.0,191.0,20.0,370708,75381,753795,27972
2021-08-30,247,58,188.0,18.0,242.0,0.0,244.0,0.0,372069,75381,758094,28044
2021-08-31,222,0,200.0,0.0,238.0,0.0,236.0,0.0,373072,75856,759869,28200
2021-09-01,180,0,167.0,0.0,192.0,1034.0,192.0,41.0,373784,76290,761906,28399
2021-09-02,175,5,147.0,53.0,178.0,305.0,180.0,950.0,374470,76913,763673,28542
2021-09-03,183,0,150.0,20.0,171.0,0.0,169.0,0.0,375135,77578,765584,28703
2021-09-04,194,0,141.0,0.0,181.0,0.0,189.0,0.0,375135,78069,765584,28884
2021-09-05,186,0,122.0,25.0,174.0,13.0,186.0,3.0,375135,78071,765584,28994
2021-09-06,178,188,175.0,97.0,219.0,0.0,233.0,0.0,375135,78071,765584,29125
2021-09-07,189,0,152.0,0.0,192.0,0.0,200.0,0.0,376747,78071,771267,29325
2021-09-08,227,241,175.0,0.0,212.0,0.0,222.0,0.0,377682,78803,772742,29436
2021-09-09,197,0,169.0,353.0,219.0,38.0,216.0,81.0,378308,79423,775149,29588
2021-09-10,155,5,147.0,130.0,194.0,0.0,203.0,76.0,378933,79929,777022,29735
2021-09-11,177,0,152.0,0.0,173.0,0.0,155.5,3.0,378933,80513,777022,29934
2021-09-12,208,3,175.0,0.0,208.0,0.0,219.0,0.0,378933,80513,777022,30114
