iter	R2	RMSE
0	-0.5581839308	22.40281141	1	-0.4973067845	21.96082032	2	-0.4475418969	21.59278863	3	-0.3905726554	21.16362244	4	-0.3389057449	20.76673255	5	-0.2914720359	20.39556166	6	-0.2486689364	20.054727	7	7	-0.2065653912	19.71378	-8	8	-0.1636698752	19.36019	-9	9	-0.1247572222	19.033610	1010	-0.08493617128	18.693611	1111	-0.04638553078	18.358512	1212	-0.008996223924	18.027113	1313	0.02338008017	17.736114	1414	0.05585056608	17.438115	1515	0.08929850521	17.1216	016	16	0.1153448971	16.8817	017	17	0.14467723	16.598018	0118	0.1684797296	16.365119	1919	0.1955750603	16.096220	2020	0.2192372113	15.85822122121	0.241347048	15.63202222222	0.2645706983	15.39082223223	0.2824782992	15.2024	224224	0.3032002058	14.9825	225225	0.3205628135	14.7926	26	226	0.3380651645	14.6027	27	227	0.3573034389	14.3828	28	228	0.3753664225	14.18292292929	0.3917486812	13.99303330	30	0.4088081345	13.79331331	31	0.4254839848	13.63232332	32	0.441137862	13.433	3333	33	0.4537246162	13.234334	0.34	0.4660910778	135	0.35	0.435	0.4783187212	136	0.36	0.436	0.4886641325	137	037	0.4937	0.4996389854	138	038	0.5038	0.5087616203	139	39	0.5139	0.5204665219	1240	40	0.5240	0.5291923794	1241441	0.5341	0.5400688889	1242442	0.5442	0.5471447281	124343	0.55043	0.5570953945	144	44	0.56044	0.5639905155	145	45	0.56745	0.5717832576	146	46	0.57646	0.5783514783	147447	0.58347	0.5861696372	148448	0.59148	0.5946681745	149449	0.59749	0.6021205863	15050	0.603850	0.6058469486	15151	0.610451	0.610562551552	0.6145253152	0.617835573953	0.6198813853	0.623545998154	0.6261066354	0.63044438455	0.63112574955	0.63380327556	0.63567878756	0.63987021557	0.64097774157	0.64550205258	0.6442233558	0.651812113659	0.6484996059	0.656710250960	0.6532225860	0.66213670661	0.6569035661	0.667595568	62	0.66133962	0.6714921051	163	0.66495163	0.6763664232	164	0.66961164	0.6804831919	65	0.674417865	0.685159330566	0.6789922166	0.689174525467	0.682597667	0.6927053474	68	0.686265168	0.6963570323	69	0.689262769	0.698677497770	0.6933526670	0.7029849171	0.695422195771	0.7059272672	0.699641698472	0.7094547173	0.701964213473	0.7134710574	0.705349546674	0.7157643075	0.708427737975	0.7181623976	0.711076118176	0.7216402177	0.713683163477	0.7237393278	0.716602219478	0.7266635179	0.718533635879	0.7291827580	0.720705633480	0.7316684981	0.722917355481	0.7342462082	0.725293684582	0.7364752883	0.72786491583	0.73864609884	0.72976669284	0.7407647185	0.731819581485	0.7426295686	0.734100011	86	0.744979087	0.7360356371	87	0.747254688	0.7380990761	88	0.74915689	0.7400907344	889	0.75117590	0.7417684637	890	0.7527591	0.7430161573	891	0.75508692	0.7450882174	892	0.75664993	0.7466789684	93	0.758717794	0.7493215397	94	0.760780495	0.7516051065	95	0.761959696	0.7536615242	96	0.763579797	0.7557075602	97	0.765298	98	0.7574552928	98	0.766699	99	0.759042158	899	0.768510100	0.7605564011	100	0.769710101	0.7626268936	101	0.771110102	0.7638892125	102	0.772110103	0.765513331	8103	0.77310104	0.7670962679	8104	0.77510105	0.7679587322	105	0.776410106	0.7690155068	106	0.777310107	0.7699096131107	0.778741108	0.7702669842108	0.7798331109	0.7717632028109	0.7803931110	0.773057078110	0.78161411111	0.774444084111	0.78276511112	0.775636476112	0.78410911113	0.777161248113	0.78531511114	0.777956969114	0.78652115115	0.779795518115	0.7873011116	0.7807152813116	0.7883117117	0.7821385647117	0.7891118118	0.7826334821118	0.7901119119	0.7835562913119	0.790312120	0.7843377509	120	0.791312121	0.785746312	121	0.791881122	0.7869925527	122	0.79350123	0.7876421337	8123	0.79521124	0.7885163608	8124	0.79583125	0.789438376	8125	0.79692126	0.7904884446	8126	0.79784127	0.7916379034	8127	0.79881128	0.7926531721	8128	0.79999129	0.7937016597	8129	0.80046130	0.7945100776	7130	0.80111131	0.7958283589	7131	0.80121132	0.7971445838	7132	0.80211133	0.7978960564	7133	0.80271134	0.7987109095	7134	0.80313135	0.7992829313	7135	0.8031136	0.8002268504	7.136	0.8041137	0.8007580488	7.137	0.8051138	0.801940211	7.8138	0.806139	0.8032008513	7.8139	0.801140	0.804309554	7.8140	0.808141	0.8052070242	7.7141	0.801142	0.8056710165	7.142	0.8114143	0.8062332707	7.143	0.811144	0.8065421994	7.7144	0.811145	0.8070369165	7.7145	0.811146	0.8077693206	7.7146	0.811147	0.8078342207	7.7147	0.814148	0.8085557557	7.7148	0.814149	0.8091416153	7.7149	0.150150	0.8100792416	7.6150	0.151151	0.8106438327	7.151	0.8152152	0.8120231752	7.152	0.153153	0.8128147256	7.6153	0154	154	0.8132642643	7.6154	0155	155	0.8135134008	7.6155	0156	156	0.8142418416	7.156	0.157157	0.8149641067	7.5157	0.158158	0.8153715018	7.5158	0.159159	0.8159315771	7.159	0.8160160	0.8166594321	7160	0.8161	161	0.817060586	7.161	0.8162162	0.8175105295	7.162	0.8163163	0.8179834994	7163	0.82164164	0.8189261301	7164	0.82165165	0.8192921825	7165	0.82166166	0.8197724467	7166	0.8167	167	0.8207100717	7167	0.8168	168	0.8213757094	168	0.82169	169	0.8220338256	169	0.82170	170	0.8224813933	170	0.82171	171	0.8235361802	171	0.82172	172	0.8241800022	172	0.82173	173	0.824220269	173	0.828174174	0.8246161848	174	0.829175175	0.8249773161	175	0.830176176	0.825386918	176	0.830917177	0.8258740857177	0.831551178	0.826714653	7178	0.83214179	0.8276224166	7179	0.83244180	0.8279332184	7180	0.83293181	0.8279884173	7181	0.83320182	0.8282654157	7182	0.83363183	0.8284758709	7183	0.83184	0.8288172299	7.29184	0.185	0.8290964239	7.2928185	0.186	0.8296635707	7.2807186	0187	0.8300824415	7.27176187	0188	0.8304483473	7.26392188	189	0.8306990751	7.258553189	190	0.8314183334	7.243118190	191	0.8318099978	7.23470191	0192	0.8323847993	7.22232192	0193	0.8333104563	7.20235193	0194	0.8336797656	7.19437194	0195	0.8340698988	7.18593195	0196	0.8345679216	7.17513196	0197	0.8348617071	7.16876197	0198	0.8350141166	7.16545198	0199	0.8356660968	7.1512199	0.200	0.8361315533	7.141200	0.8201	0.8364041071	7.135201	0.8202	0.8365994601	7.130202	0.8203	0.8368012223	7.126203	0.8204	0.8375450582	7.110204	0.8205	0.838368907	7.0922205	0.206	0.8388331731	7.0820206	0.207	0.8393698217	7.0702207	0.208	0.8397014746	7.0629208	0.209	0.8399941834	7.0564209	0.210	0.8402898835	7.0499210	0.211	0.8404916577	7.0455211	21212	0.8409109512	7.0362212	21213	0.8411915892	7.0300213214214	0.8416970752	7.0188214215215	0.8420884736	7.01012121216	0.8425562306	6.9997621217217	0.8431547209	6.9864217218218	0.8436401794	6.975621821219	0.8441332256	6.9646121922220	0.8445112092	6.9561622221221	0.8447901181	6.9499221222222	0.8451524479	6.9418222223223	0.8457547214	6.9282223224224	0.8460885329	6.9207224225225	0.8465986223	6.9093222226226	0.8470602146	6.8982222227227	0.8473492538	6.892228	22228	0.8476443901	6.8857229	22229	0.8482133753	6.8728230	23230	0.8486401481	6.8631231231231	0.8489799497	6.8554232232232	0.8494617224	6.844233233	233	0.849722461	6.8386234234234	0.8499291767	6.8332235235235	0.8504284366	6.823523623236	0.8507529309	6.8123237	23237	0.8510404121	6.802323238	238	0.8514499498	6.723823239	239	0.8520833872	6.723924240	240	0.8524771984	6.724241241	241	0.8532099775	6.724242242	242	0.8535689172	6.724243243	243	0.8539241138	6.724244244	244	0.8542863228	6.724245245	245	0.8544551349	6.72246246	0246	0.8547961922	6.72247247	247	0.855067189	6.715224248	248	0.8552062561	6.712249249	249	0.8557457691	6.700250250	250	0.8560390208	6.69251	251	251	0.8565693764	6.68252	252	252	0.8569838829	6.6253	0253	253	0.8573258385	6.6254	0254	254	0.8577554522	6.255	255	0255	0.8580034137	6.6256	256	256	0.8585583373	6.63257	257	257	0.8591223503	6.6258	0258	258	0.8597268801	6.259	0.259259	0.8601552582	6.260	0.8260260	0.8603976308	6.261	0261	0261	0.860633689	6.5262	0262	262	0.8611663738	6.5263	0263	263	0.8615126956	6.5264	264	0264	0.8616591399	6.5265	265	0265	0.8621011712	6.266	0266	0266	0.8625919484	6.267	0267	0267	0.8631537019	6.268	0268	0268	0.8634554799	6.269	0269	0269	0.8638641532	6.270	0270	0270	0.8640223457	6.271271	0.8271	0.8641887899	6.272272	0.8272	0.8643759348	6.273273	0.8273	0.8646754517	6.274274	0.8274	0.8649468009	6.275275	0.8275	0.8655150402	6.276276	0.8276	0.8658365862	6.277277	0.277	0.8660132936	6.4278278	0.278	0.8661657352	6.4279279	0.279	0.8662666383	6.4280280	0280	0.8666399695	6.44281281	0281	0.8670791562	6.43282282	0282	0.8672310743	6.42283283	0283	0.8677258698	6.41284284	0284	0.8678791798	6.4128285	0.285	0.8680901403	6.4028286	0.286	0.8682798972	6.287	287	0.287	0.8689585033	6.288	288	0.288	0.8691607055	6.289	289	0289	0.8695719733	6.290	0290	0290	0.8697217883	6.291	0291	291	0.8701268682	6.292	0.292	292	0.8705016684	6.293	0.293	293	0.8708133018	6.294	0.294294	0.8711516799	6.3295	295	0295	0.8713428585	6.3296	296	0296	0.8714765472	6.3297	297	0297	0.8715904954	6.3298	298	0298	0.8719929389	6.3299	299	0299	0.8721616346	6.3300	300	300	0.8723189607	6.30301	301	301	0.8725811456	6.29302	302	302	0.8729898962	6.2303	0303	303	0.8738348346	304	0.87304	304	0.873957213	6305	0.87305305	0.8741924759	6306	0.87306306	0.8744233827	6307	0.8307	307	0.8748415085	6308	0.8308	308	0.8752902732	6309	0.8309	309	0.8754451649	6310	0.8310	310	0.8759926843	6311	0.8311311	0.8764036945	6.312	0312	312	0.876512865	6.19313	0313313	0.87669285	6.194314	0.3314	0.8770091089	6.186315	0.3315	0.8772282169	6.181316	0.3316	0.8773552291	6.177317	0.3317	0.877609225	6.1715318	0.318	0.877871666	6.16493319	0319	0.878284329	6.154513320	320	0.8786109505	6.146249321	321	0.8792300418	6.130556322	322	0.8795516854	6.122387323	323	0.8797041226	6.118512324	324	0.8801095812	6.108192325	325	0.8803121888	6.103028326	326	0.8807804472	6.091078327	327	0.8809061385	6.087866328	328	0.8810619907	6.083881329	329	0.881848851	6.0637239330330	0.882244869	6.0535532133331	0.8824510102	6.0482522433332	0.8827033008	6.0417582
333	0.8831933986	6.0291229233334	0.883437107	6.0228299823335	0.8836748434	6.0166849
336	0.8839463302	6.009659744
337	0.884230408	6.002299972
338	0.8844974945	5.995372165
339	0.8847342605	5.989224123
340	0.8848231105	5.98691535
341	0.884968647	5.983131647
342	0.885045136	5.981142103
343	0.8851912051	5.977340881
344	0.8853577436	5.973004026
345	0.8854172011	5.97145492
346	0.8855728866	5.967396783
347	0.8856742996	5.964751844
348	0.8857253311	5.963420453
349	0.8858791402	5.959405839
350	0.8860613338	5.954646854
351	0.8865098504	5.942915142
352	0.8867120254	5.93761933
353	0.8869835741	5.9304988923354	0.8871793781	5.9253592893355	0.8872360325	5.9238713535356	0.8872648678	5.9231138935357	0.8873554738	5.9207331935358	0.887410671	5.9192824013359	0.8875995767	5.9143145436360	0.8876867066	5.9120217836361	0.8880681766	5.9019732136362	0.8883642764	5.8941616236363	0.8886394791	5.8868920436364	0.8888525583	5.8812573036365	0.8889319372	5.8791568366366	0.889128382	5.8739553036367	0.889289131	5.8696955343368	0.8893897473	5.8670276736369	0.8894170317	5.8663040137370	0.8894543295	5.8653146337371	0.8898797212	5.854018573372	0.8901578582	5.8466209853373	0.8903285769	5.8420757543374	0.8904095975	5.8399174173375	0.8905484022	5.8362178913376	0.8906836168	5.8326117983377	0.8907094543	5.8319224723378	0.8908971535	5.8269123523379	0.8910554548	5.8226835773380	0.8911801131	5.81935136
381	0.8913112347	5.815844314
382	0.8914361617	5.812500985
383	0.8917316145	5.804586334
384	0.8919192515	5.799554268
385	0.8923885641	5.786949039
386	0.8926426764	5.780112386
387	0.8927989488	5.775904006
388	0.8929646026	5.771439635
389	0.8931144767	5.76739755
390	0.8932229637	5.764469903
391	0.8934444971	5.75848694
392	0.8934830524	5.757445042
393	0.8935065342	5.756810389
394	0.8937224712	5.750970878
395	0.8938269424	5.74814357
396	0.8941010352	5.7407191683397	0.8942154099	5.73761824
398	0.8947649046	5.722696901
399	0.8950412441	5.715178274
400	0.8952198116	5.710314555
401	0.8954493481	5.704056483
402	0.8955229544	5.7020482284403	0.8956437197	5.698751774404	0.8957237862	5.6965651894405	0.8958211227	5.6939058440406	0.8959942585	5.6891725
407	0.896216541	5.683089758
408	0.8963431819	5.679621327
409	0.8964524449	5.676627139
410	0.8965558672	5.673791551
411	0.8966513319	5.671172882
412	0.8970203825	5.661038155
413	0.8971633314	5.657107666
414	0.8973006454	5.6533295414415	0.8976313281	5.6442205964416	0.8977429478	5.6411426141417	0.8978979779	5.6368647741418	0.8981459192	5.6300164241419	0.898283422	5.6262148842420	0.8984346555	5.6220307642421	0.8986184078	5.6169427642422	0.8988134632	5.6115367342423	0.8990158192	5.6059228642424	0.8993455917	5.5967620742425	0.8994173599	5.5947664242426	0.8998423046	5.5829354442427	0.8998940489	5.5814931042428	0.8999514497	5.5798926642429	0.9001713483	5.5737572143430	0.9003075663	5.5699531643431	0.9004483006	5.5660202432432	0.9008692645	5.5542395433433	0.9011224968	5.5471408434434	0.9011679327	5.5458661435435	0.9012720305	5.5429447436436	0.9016245886	5.533038437	437	0.9016428947	5.53252438	0438	0.9019729911	5.52323439	0439	0.9021014811	5.5196440	0.440	0.9022532753	5.5153441	0.441	0.9025431414	5.5071442	0.442	0.9026027464	5.5054443	0443	0.9029537592	5.49553444	0444	0.9030621949	5.4924445	0.445	0.9032298403	5.4877446	0.446	0.9032845631	5.486447	0.9447	0.9037515548	5.472448	0.9448	0.9040764901	5.463449	0.9449	0.904117002	5.4624450	0.450	0.9041827259	5.4606451	0.451	0.9044269768	5.453452	0.9452	0.9045987543	5.448453	0.9453	0.9046506554	5.44454	0.90454	0.9047512611	5.44455	0.90455	0.9048737714	5.44456	0.90456	0.9049082943	5.4457	0.905457	0.9049433161	5.4458	0.905458	0.905304744	5.42459	0.9459	0.905398902	5.4258460	0.460	0.9055643825	5.4211461	0.461	0.9059546777	5.4098462	0.462	0.9061251616	5.4049463	0.463	0.9062252823	5.4021464	0.464	0.9066014059	5.3912465	0465	0.9067014571	5.38837466	0466	0.9069433917	5.3813467	0.467	0.907017736	5.37923468	468	0.9070669984	5.377809469	469	0.9073090736	5.370800470	470	0.9073923189	5.36838471	471	0.9074472428	5.366796472	472	0.9076809402	5.360016473	473	0.9078545682	5.35497474	0474	0.907960387	5.351898475	475	0.9081777643	5.34557476	0476	0.9083853019	5.33952477	0477	0.9084759108	5.33688478	0478	0.9087828092	5.32793479	0479	0.9088631107	5.32558480	0480	0.9091582756	5.31695481	0481	0.9092107522	5.31542482	0482	0.9094448671	5.30856483	0483	0.9096396591	5.30285484	0484	0.9096858912	5.3014485	0.485	0.9099342773	5.2941486	0.486	0.9101936503	5.2865487	0.487	0.9104137875	5.2800488	0.488	0.9105987536	5.2746489	0.489	0.9108013521	5.2686490	0.490	0.9112257572	5.2561491	0.491	0.9113373368	5.252492	0.9492	0.9114006744	5.250493	0.9493	0.9116765626	5.242494	0.9494	0.9119089737	5.235495	0.495	0.9120177079	5.2326496	0.496	0.9121240815	5.229497	0.9497	0.9122281044	5.22498	0.91498	0.9123395212	5.22499	0.91499	0.9124698177	5.21500	0.91500	0.912731421	5.211501	0.9501	0.9129050498	5.206502	0.9502	0.9129828484	5.2503	0.912503	0.9131556821	5.1504	0.912504	0.9133405576	5505	0.9122505	0.9133845758	5.506	0.9123506	0.9134843386	5.507	0.9124507	0.9135578779	508	0.912552508	0.9136873205	509	0.912745509	0.9138796605510	0.9128338510	0.914082669511	0.91305139511	0.914301399512	0.91315872512	0.914422696513	0.9132654513	0.9144612762514	0.9132825514	0.914618075515	0.91346910515	0.914767371516	0.91351639516	0.914925257517	0.91355127517	0.91495518	0.9137935412	5518	0.91506519	0.9139313391	5519	0.9151520	0.9139648571	5.520	0.9152521	0.9139813958	5.521	0.9152522	0.9141213174	5.522	0.9153523	0.9142836124	5.523	0.9154524	0.9143019333	5.524	0.9155525	0.9145690669	5.525	0.9155526	0.9145797484	5526	0.91573527	0.9146502207	5527	0.91594528	0.9147674209	5528	0.91598529	0.9149955747	5529	0.91600530	0.9151252471	5530	0.9160531	0.9153178608	5.531	0.9161532	0.9154832864	5.532	0.9162533	0.915682152	5.1533	0.916534	0.9157408943	5.0534	0.916535	0.9158836111	5.0535	0.916536	0.9160035708	5.0536	0.916537	0.9160667474	5.0537	0.91538	0.9162563427	5.08538	0.91539	0.9163161071	5.08539	0.91540	0.9163375727	5.08540	0.91541	0.9165166145	5.07541	0.542	0.9166120852	5.0733542	0.543	0.91666625	5.071659543	544	0.9167202131	5.070017544	545	0.9168302805	5.066665545	546	0.916949703	5.063026546	547	0.9171213031	5.057793547	548	0.917327889	5.051485548	549	0.917422194	5.048603854550	0.9174499295	5.0477559255551	0.9175300166	5.0453067555552	0.9175451468	5.0448439155553	0.9176519544	5.0415754553554	0.9176720737	5.040959555555	0.9176809647	5.0406873255556	0.9178462306	5.0356248655557	0.918006065	5.0307239525558	0.9181127322	5.0274506558559	0.9181214652	5.0271825559560	0.9182987276	5.0217377560561	0.9183996381	5.0186356561562	0.9185050383	5.0153933562563	0.9186061616	5.012280563	564	0.9187236754	5.008661564565	0.9187522974	5.0077791565566	0.9187912794	5.0065776566567	0.9188650653	5.0043026567568	0.9188887047	5.0035735568569	0.9190048505	4.9999899569570	0.9190715368	4.997931157571	0.9191845257	4.9944409857572	0.9193177881	4.9903214357573	0.9193807897	4.9883726857574	0.9194702018	4.9856056574575	0.9195663844	4.9826274575576	0.9195849984	4.9820508576577	0.9196706107	4.9793981577578	0.9196886194	4.9788399578579	0.9197167812	4.977966957580	0.9198687934	4.9732519758581	0.9199547936	4.9705825058582	0.9200930956	4.9662865582583	0.9202371845	4.9618069583584	0.9203387554	4.958646584	585	0.9204452016	4.955332585586	0.9205619383	4.9516956586587	0.9206860356	4.9478263587588	0.9207457934	4.9459620588589	0.9208696588	4.9420955589590	0.9209509291	4.939557590591	0.9210881105	4.935269591	592	0.9212178746	4.931209592	593	0.9213723889	4.926593	0.9594	0.9214470759	4.924594	0.9595	0.9215210962	4.921595	0.9596	0.9216264864	4.918596	0.9597	0.9216769727	4.91597	0.92598	0.9217457261	4.91598	0.92599	0.9218679396	4.9599	0.924600	0.9220187068	4.600	0.9247601	0.9220396797	4.601	0.9247602	0.9221619154	4.602	0.9250603	0.9222083106	4603	0.92508604	0.9222751348	4604	0.92523605	0.9223727636	4605	0.9253606	0.9224399383	4606	0.92540607	0.9226101709	607	0.925545608	0.9226453253	608	0.925640609	0.9227139584	609	0.925785610	0.9228084303610	0.9258093611	0.9228751664611	0.9259344612	0.9230177434612	0.9261048613	0.9230937036613	0.926126614	0.9231149005	614	0.926155615	0.9232336413	615	0.926192616	0.9233178706	616	0.926394617	0.9233741936	617	0.926500618	0.9235040985	618	0.9265619	0.9235813897	4.619	0.9266620	0.9236316585	4.620	0.9267621	0.9237119498	4621	0.92689622	0.9239193691	622	0.926990623	0.9240276281	623	0.927059624	0.9241527328	624	0.927104625	0.9242732602625	0.9272130626	0.9243819876626	0.927504627	0.9244183555	627	0.927634628	0.9245046552	628	0.927907629	0.9247012266	629	0.928140630	0.9248604114	630	0.928173631	0.9248941888	631	0.928197632	0.9249892674	632	0.928279633	0.9250975937	633	0.928411634	0.9252031975	634	0.928468635	0.9253110011	635	0.928621636	0.9254198122	636	0.928729637	0.9255202019637	0.9287931638	0.925622726	638	0.928812639	0.9256614443	639	0.928984640	0.925733963	640	0.929085641	0.9257978194	641	0.929117642	0.9258178929	642	0.929157643	0.92592137	4.643	0.9292644	0.9260082357	4.644	0.9293645	0.9261025564	4.645	0.929646	0.9261321134	4.7646	0.929647	0.9263432567	4647	0.92950648	0.92645355	4.648	0.9295649	0.9265011603	4.649	0.9296650	0.926575679	4.7650	0.929651	0.9266196963	4.651	0.9298652	0.9266916493	4.652	0.9299653	0.9269350687	4.653	0.9300654	0.9269709471	4.654	0.9301655	0.927045731	4.655	0.9303656	0.9271356562	4.656	0.930657	0.9271819601	4.7657	0.930658	0.9272412887	4.7658	0.930659	0.927344879	4.73659	0.93660	0.9274303921	4.73660	0.93661	0.9275319163	4.72661	0.9662	0.9275910386	4.727662	0.9663	0.9277072422	4.723663	0.9664	0.9277320318	4.722664	0.9665	0.9277636898	4.72665	0.93666	0.9278826676	4.71666	0.93667	0.9278895954	4.7667	0.931668	0.9279876819	4.7668	0.931669	0.9280128452	4.7669	0.931670	0.9280825171	4.7670	0.931671	0.9281373651	4.7671	0.931672	0.9281931709	4.7672	0.9673	0.9283787126	4.70673	0.9674	0.9285092528	4.697674	0.9675	0.9285744748	4.695675	0.9676	0.9286561663	4.692676	0.9677	0.9288290396	4.6677	0.932678	0.9289083006	4.6678	0.932679	0.9290651366	4.6679	0.932680	0.9291425314	4.6680	0.932681	0.9292031927	4.6681	0.932682	0.9292628349	4.6682	0.93683	0.9292983029	4.67683	0.93684	0.9294545427	4.66684	0.93685	0.9295596951	4.6685	0.933686	0.9295976251	4.686	0.9331687	0.9296908257	4.687	0.9332688	0.9297870784	4.688	0.9333689	0.9298344192	4.689	0.9334690	0.9299305742	4.690	0.9334691	0.929962111	4.6691	0.933692	0.9300833789	4.6692	0.933693	0.9301933131	4.6693	0.933694	0.9303125467	4.694	0.9339695	0.9303592648	4.695	0.9340696	0.9304331043	4.696	0.9340697	0.930569815	4.6697	0.93698	0.9306324305	4.62698	0.93699	0.9308188433	4.62699	0.93700	0.9309501978	4.61700	0.9701	0.9311587999	4.609701	0.9702	0.9313365546	4.60702	0.93703	0.931394909	4.601703	0.9704	0.9314569689	4.59704	0.93705	0.9315434536	4.59705	0.93706	0.9316203891	4.59706	0.93707	0.9318223732	4.58707	0.93708	0.9318618223	4.58708	0.93709	0.9319906978	4.58709	0.93710	0.9320544614	4.57710	0.93711	0.9321184535	4.57711	0.93712	0.9321351476	4.57712	0.93713	0.9321644554	4.57713	0.93714	0.9322174482	4.57714	0.93715	0.9323028548	4.57715	0.93716	0.9323695678	4.56716	0.93717	0.93247391	4.5653717	0.718	0.9325396738	4.5631718	719	0.9326404689	4.559730719	720	0.9327377565	4.556436720	721	0.9328780437	4.55168721	0722	0.9329265884	4.55003722	0723	0.9329659525	4.54870723	0724	0.9330711805	4.54512724	0725	0.9332383844	4.53944725	0726	0.933274491	4.538220726727	0.9333832922	4.5345187727728	0.9334117258	4.5335509728729	0.9334690722	4.5315983729730	0.9335310966	4.529485573731	0.9335845707	4.5276632173732	0.9337425668	4.522274567733	0.9338285878	4.5193380077734	0.9338704588	4.51790794
735	0.9339605099	4.51483079
736	0.9340303428	4.512443072
737	0.9341742652	4.507518109
738	0.9342652722	4.504401113
739	0.9343478103	4.501572306
740	0.9344195372	4.499112586
741	0.9344768512	4.497146158
742	0.9345085995	4.496056513
743	0.9345540759	4.494495238
744	0.9346530197	4.491096473
745	0.9346789152	4.490206527
746	0.9347809591	4.486697878
747	0.9348706469	4.483611813
748	0.9349503897	4.48086616
749	0.9349796119	4.47985958
750	0.9350767817	4.476510862
751	0.9351014462	4.47566046
752	0.9351705287	4.473277724
753	0.9352069996	4.472019291
754	0.935310122	4.468459113
755	0.9353392814	4.467451907
756	0.935432999	4.464213229
757	0.9354789481	4.462624467
758	0.9354976985	4.46197598
759	0.9355496902	4.46017734
760	0.935583656	4.459001914
761	0.9356945131	4.455163409
762	0.9358657963	4.449226097
763	0.9360051303	4.444390414
764	0.9360277764	4.443603966
765	0.9360460412	4.44296957
766	0.9361115986	4.440691806
767	0.9361763918	4.438439444
768	0.9362264676	4.43669791
769	0.936317489	4.433530617
770	0.9363642488	4.431902627
771	0.9364543576	4.428763708
772	0.9364563907	4.428692862
773	0.9365436969	4.425649398
774	0.9365801152	4.424379252
775	0.9366388364	4.422330483
776	0.936675151	4.421063002
777	0.9367068934	4.419954805
778	0.9367465833	4.418568753
779	0.9367919632	4.416983462
780	0.9369302054	4.412150631
781	0.9370507617	4.407931758
782	0.9371795948	4.403418768
783	0.9372094263	4.40237312
784	0.9372574563	4.400689057
785	0.9372954784	4.399355443
786	0.9373609467	4.39705821
787	0.937421069	4.394947511
788	0.9374676715	4.393310747
789	0.9375851032	4.389183632
790	0.9376178308	4.388032733
791	0.9377773674	4.38241815
792	0.9378512434	4.379815787
793	0.9379149898	4.377569007
794	0.9379865829	4.375044289
795	0.9380694862	4.372118898
796	0.9381523928	4.369191433
797	0.9381802404	4.368207684
798	0.9382602464	4.365380142
799	0.9383442925	4.36240784
800	0.9384097269	4.360092345
801	0.9385336119	4.355705107
802	0.9385714593	4.35436391
803	0.9386282937	4.35234909
804	0.9386662188	4.351004097
805	0.938733255	4.348625681
806	0.93877143	4.347270668
807	0.9388415636	4.344780188
808	0.9389350105	4.341459619
809	0.9389746851	4.340049044
810	0.9390106078	4.338771464
811	0.9390941314	4.33579952
812	0.9391718649	4.333031769
813	0.9392614048	4.329841453
814	0.9393332756	4.327278986
815	0.9393741783	4.325819971
816	0.9393905957	4.32523422
817	0.939445314	4.323281362
818	0.9395210215	4.320577961
819	0.9396073967	4.317491565
820	0.9396673755	4.31534708
821	0.9397485132	4.312444377
822	0.9397843611	4.311161298
823	0.9398359799	4.309313067
824	0.939886994	4.307485709
825	0.9399355797	4.305744617
826	0.9399521915	4.305149167
827	0.9400111742	4.303034254
828	0.9401826915	4.296878331
829	0.940197005	4.296364207
830	0.9402792252	4.293409761
831	0.940282069	4.293307536
832	0.940352762	4.290765614
833	0.940397797	4.289145496
834	0.9404386293	4.287676039
835	0.9405080141	4.285177893
836	0.9405357251	4.284179772
837	0.9406069968	4.28161157
838	0.9407065403	4.278022045
839	0.9407469496	4.276564033
840	0.9407860124	4.27515413
841	0.9408634067	4.272359346
842	0.9409295145	4.269970678
843	0.9409802942	4.268134953
844	0.9410586506	4.265300755
845	0.9410931208	4.264053352
846	0.9411228508	4.262977193
847	0.9412357772	4.258887034
848	0.9413181555	4.255900839
849	0.9413978762	4.253008986
850	0.941460668	4.250729838
851	0.9415082747	4.249001048
852	0.9415663165	4.246892367
853	0.9416221376	4.244863376
854	0.9416731611	4.24300792
855	0.9417247362	4.241131579
856	0.9417639074	4.239705948
857	0.9417970419	4.238499647
858	0.9418582107	4.236271822
859	0.9420129746	4.230629935
860	0.9420430477	4.229532753
861	0.9421046586	4.227284062
862	0.9421533965	4.225504365
863	0.9422134975	4.223308704
864	0.9422590886	4.221642367
865	0.94229002	4.220511464
866	0.9423248413	4.219237977
867	0.9423775298	4.217310318
868	0.9424300715	4.215387151
869	0.9424900101	4.213192169
870	0.9425496282	4.211007787
871	0.9426165813	4.208553299
872	0.942652284	4.20724386
873	0.9426962576	4.205630518
874	0.9427603466	4.203278051
875	0.9428187688	4.201132446
876	0.9428539998	4.199838027
877	0.9428752558	4.199056873
878	0.9429069593	4.197891499
879	0.9429871579	4.194942073
880	0.9430719695	4.191820737
881	0.9431225064	4.189959718
882	0.9431707749	4.188181455
883	0.9432118641	4.186667093
884	0.9432600142	4.184891801
885	0.9433086324	4.183098483
886	0.9433561595	4.181344672
887	0.9433708461	4.180802565
888	0.9434277548	4.178701318
889	0.9435311753	4.17488
890	0.9435819812	4.173001474
891	0.9436166107	4.171720578
892	0.9436525453	4.170390993
893	0.9437427989	4.167049729
894	0.9438021666	4.164850422
895	0.9438610779	4.162666877
896	0.9439030698	4.161109748
897	0.9439208208	4.160451339
898	0.9439947485	4.157708126
899	0.9440445771	4.155858132
900	0.9441414215	4.152260216
901	0.9441589925	4.151607093
902	0.9441898237	4.150460832
903	0.9442249799	4.149153386
904	0.9442681251	4.147548271
905	0.9443115568	4.145931868
906	0.9443514321	4.144447274
907	0.9444744235	4.139864824
908	0.9445024421	4.138820191
909	0.9445265848	4.137919853
910	0.944593583	4.135420303
911	0.9446480041	4.133388866
912	0.9447001692	4.1314407
913	0.9447429402	4.129842687
914	0.9447592272	4.129234006
915	0.9448099512	4.127337769
916	0.9448249196	4.126778032
917	0.9448578025	4.125548123
918	0.9448741671	4.124935904
919	0.9449185119	4.123276464
920	0.94497656	4.121103216
921	0.9450322683	4.119016487
922	0.9451259461	4.115505109
923	0.9451611658	4.114184175
924	0.945205749	4.112511449
925	0.9452693928	4.110122402
926	0.9453593847	4.106741938
927	0.9453796011	4.105982143
928	0.9454086918	4.104888577
929	0.9454406994	4.103685026
930	0.9454883798	4.101891491
931	0.9455463161	4.099711116
932	0.9455891305	4.098099092
933	0.945617062	4.097047089
934	0.9456457635	4.095965806
935	0.9456818897	4.0946044
936	0.9458297744	4.089026684
937	0.9458684664	4.087566096
938	0.945928029	4.085316636
939	0.9459700777	4.08372787
940	0.9461133477	4.078309909
941	0.9461447335	4.077122049
942	0.9461865582	4.075538567
943	0.9462535323	4.073001648
944	0.9463160271	4.07063298
945	0.9463318204	4.070034165
946	0.9463778058	4.068290094
947	0.946436303	4.066070411
948	0.9465585089	4.061429379
949	0.9466745784	4.057016477
950	0.9467474737	4.054242577
951	0.9467876896	4.052711421
952	0.9468545229	4.050165572
953	0.9468720657	4.049497055
954	0.9469458913	4.046682525
955	0.9470302814	4.043462833
956	0.9470613148	4.042278187
957	0.9471043534	4.040634687
958	0.9471402092	4.039264964
959	0.9471714534	4.038071029
960	0.9471968255	4.037101225
961	0.9472351803	4.03563474
962	0.9472766644	4.034048001
963	0.9473066551	4.032900491
964	0.9473450189	4.031432135
965	0.9473913554	4.029657909
966	0.9474308914	4.028143456
967	0.9474684399	4.02670461
968	0.9475130766	4.024993477
969	0.9475602799	4.023183161
970	0.9475781285	4.02249843
971	0.9476300222	4.020506951
972	0.9477065382	4.017568764
973	0.9477369747	4.016399418
974	0.9477693419	4.01515552
975	0.9478065585	4.013724778
976	0.947817251	4.013313624
977	0.9479224503	4.009266206
978	0.9480048778	4.00609205
979	0.9480577885	4.004053212
980	0.948134398	4.001099338
981	0.9481838094	3.999192998
982	0.9482548181	3.996451819
983	0.9482725795	3.995765874
984	0.9482826904	3.995375337
985	0.9482986822	3.994757577
986	0.9483336069	3.993408099
987	0.948360377	3.992373406
988	0.9484312487	3.989632842
989	0.9484503405	3.988894251
990	0.9484581722	3.988591234
991	0.9484831266	3.987625562
992	0.9485328392	3.985701112
993	0.9485643155	3.98448214
994	0.9485935549	3.98334946
995	0.9486057056	3.982878666
996	0.9486611145	3.98073109
997	0.9486977454	3.979310688
998	0.9487638087	3.976747729
999	0.9487740362	3.976350799
6	999	0.949593999	0.9532874723	3.812739459
3
30486288
999	0.9470388555	4.130207245
